vÄ›k,1920,1921,1922,1923,1924,1925,1926,1927,1928,1929,1930,1931,1932,1933,1934,1935,1936,1937,1938,1939,1940,1941,1942,1943,1944,1945,1946,1947,1948,1949,1950,1951,1952,1953,1954,1955,1956,1957,1958,1959,1960,1961,1962,1963,1964,1965,1966,1967,1968,1969,1970,1971,1972,1973,1974,1975,1976,1977,1978,1979,1980,1981,1982,1983,1984,1985,1986,1987,1988,1989,1990,1991,1992,1993,1994,1995,1996,1997,1998,1999,2000,2001,2002,2003,2004,2005,2006,2007,2008,2009,2010,2011,2012,2013,2014,2015,2016,2017
100,1,1,1,1,1.31,0.53,0.74,1,1,1,1,0.59,0.44,0.5,0.67,0.52,1,1,0.62,1.13,1,1,1,1,1,1,1,1,1,1,2.5,1.33,1,2.75,1,2,1,5.5,4.67,94,0.3,0.46,4.18,3.2,1.9,0.86,1.74,3.25,1.35,1.02,1.36,1.4,1.53,1.53,2.22,1.34,1.03,1.47,2.3,1.96,0.93,1.15,1.13,1.12,1.12,1,1,1,1,1.65,1.32,0.92,2.23,1.01,1.55,1.3,1.4,0.88,2.1,1.31,0.81,1.03,1.16,1.65,1.3,1.29,1.91,1.12,1.26,1.43,1.25,1.23,1.27,1.19,1.68,1.46,2.08,1
99,1,1,1,1,1,1.25,1.14,0.56,1,1.97,0.76,0.44,2.96,0.83,0.52,1.38,2.16,1,0.69,0.94,0.56,1.17,0.38,0.39,0.5,1,1,6,1,1,8,3,1.4,1.63,11.25,2.25,2.67,2.25,1,43.75,138.11,0.39,2.88,1.67,1.17,1.61,2.09,1.31,0.63,1.02,1.91,1.29,3.04,2.21,1.14,2.01,1.39,1.46,0.75,1.41,1.62,1.11,0.48,1.92,2.51,1.61,0.97,3.02,0.91,1.9,0.5,1.06,1.23,1.27,2.18,1.56,1.08,0.7,1.14,1.9,1.04,0.47,0.44,0.93,0.77,0.62,0.99,0.94,1.11,0.96,0.86,0.93,0.8,0.9,0.88,0.94,0.72,0.8
98,1,1,1,1,1,1.82,2.08,1.8,1.28,1.66,0.74,0.44,1,0.46,3.61,0.94,1.42,1,0.8,2.7,3.67,0.47,1.71,1.31,2.5,0.42,1,0.29,0.94,0.79,0.53,0.96,1.2,14.73,8,3.73,4,2.63,36.83,142.8,47.73,1.2,0.8,0.86,0.73,2.2,1.2,0.87,1.04,1.5,1.68,1.01,1.97,0.89,1.74,0.82,0.83,1.03,0.68,0.62,0.83,0.58,0.8,0.75,1.55,0.93,0.9,0.71,0.53,0.9,0.81,1.02,0.7,0.93,0.85,1.16,1.59,1.4,1.21,1.62,1.74,0.92,1.02,1.01,1.23,0.89,1.26,1.25,1.06,1.33,1.26,1.05,1.21,0.85,0.84,0.6,0.93,1.17
97,1,1,1,1,1,1.11,2.04,1.61,1.32,0.78,0.63,0.65,1.27,1.22,1.1,0.83,4.5,1.07,1.71,1.21,0.58,2.8,2.5,3.57,1,9.29,0.29,1.19,1.6,1.09,1.63,1.98,2.57,7.47,10.42,2.22,1.59,61.06,77.06,23.97,47.24,1.24,1.27,3.23,1.11,0.5,0.68,0.68,1.39,0.69,1.28,0.93,0.99,1.17,0.91,1.24,1.11,0.98,0.84,0.79,1.03,0.87,0.56,1.34,1.13,0.78,0.49,0.79,1.31,0.89,0.78,1.01,0.94,0.95,1.02,1.42,1.53,0.79,1.62,1.5,1.48,0.68,1.05,0.72,0.91,0.85,0.79,0.87,0.79,0.82,0.84,0.74,0.87,0.77,1.01,0.91,0.91,0.86
96,1,1,1,1,1,0.99,0.59,0.84,0.77,1.67,0.53,1.35,1.07,0.79,0.58,1.16,1.85,0.66,1.22,0.75,0.61,1.32,1.18,1.3,1.05,0.41,0.4,1.04,1.06,0.71,0.93,3.08,4.56,5.59,2.89,0.68,23.56,53.29,31.09,31.62,57.83,0.54,0.77,1.42,0.81,0.85,0.74,1.19,1.1,0.91,0.83,1.09,0.82,0.96,0.98,1.1,0.93,0.69,1.1,1.13,1.2,0.84,0.78,0.98,0.82,0.84,0.78,0.97,0.79,0.7,0.98,0.97,0.85,1.22,1.34,0.76,1.08,1.17,1.57,1.1,1.33,1.15,1.07,0.85,0.9,1.18,1.04,1.08,1.18,0.88,1.02,0.88,1.14,1.11,0.93,0.87,0.88,0.93
95,1.64,1.21,0.87,1.02,1.18,0.77,0.6,0.5,0.94,1.16,1.06,1.58,1.09,0.63,1.26,1.25,1.75,0.95,0.82,0.91,0.91,0.67,1.02,1.31,1.18,0.95,0.75,1.02,1.26,1.05,1.54,2.26,2.07,4.51,1.72,12.17,22.29,8.42,10.45,12.75,18.36,0.95,1.11,0.78,0.87,1.17,0.63,0.67,0.73,1.2,0.81,0.88,0.99,1.05,0.86,0.96,0.89,0.96,0.79,1.05,1.04,0.73,1.05,0.91,1.03,0.85,1.12,0.76,0.89,0.69,0.87,0.85,1.02,0.91,0.87,1.11,1.04,1.15,1.32,1.26,1.2,0.93,1.03,0.92,0.87,0.69,0.94,0.94,0.84,0.77,0.87,0.92,0.8,0.81,0.96,0.82,0.73,0.85
94,0.83,1.1,1.02,0.77,0.72,0.68,0.87,0.59,0.85,1.85,0.52,1.11,0.72,0.82,1.05,0.97,1.01,0.9,0.81,0.9,0.8,0.93,1.06,2.75,1.48,1,1.12,0.98,1.15,1.28,1.42,1.53,2.45,2.37,5.31,7.09,4.52,5.48,5.1,4.16,1.64,0.62,0.82,0.98,0.93,0.88,0.76,0.75,0.9,0.99,0.88,0.95,0.83,0.86,1,0.95,0.78,0.83,1.07,1.15,0.95,0.81,0.86,0.88,0.77,0.94,0.95,0.92,0.78,0.72,0.75,0.89,0.9,1.08,0.82,1.2,1.02,1.35,0.99,1.1,1.03,0.91,0.99,0.84,0.97,0.95,0.99,0.97,1,1.02,0.91,0.97,0.81,0.95,0.78,0.9,0.84,0.88
93,0.88,1.03,0.83,0.88,0.52,0.8,0.76,0.78,0.71,0.83,1.01,1.47,1.3,0.98,0.96,0.8,0.92,0.82,1.3,0.94,1.05,0.85,0.83,1.62,1.35,1.06,0.97,0.86,0.61,1.47,1.16,1.52,1.26,2.33,3.25,2.33,2.43,3.53,2.48,2.24,2.54,0.94,0.96,0.85,0.82,1.02,0.77,1.04,0.77,0.87,1.01,0.92,1.04,0.81,0.97,0.73,0.8,0.92,0.83,1.1,0.88,0.88,0.71,0.82,0.77,1.06,0.93,0.81,0.76,0.88,0.84,0.88,1.07,1.03,1,1.07,1.06,1.01,0.99,1.05,0.9,0.77,0.85,0.84,0.81,0.99,0.89,0.87,0.82,0.91,0.75,1.02,0.92,0.86,0.93,0.88,0.84,0.83
92,1.04,0.62,0.71,0.79,0.91,0.66,0.84,0.95,0.89,0.79,1.17,0.85,0.99,0.87,0.95,1.2,0.87,0.77,1.17,0.73,1.53,1.02,1.22,1.57,1.46,0.75,0.89,0.98,0.73,0.87,0.89,1.03,1.44,1.68,1.51,1.86,2.19,1.74,1.57,1.62,2.1,0.84,0.89,0.99,1.13,0.9,0.94,0.91,0.92,0.79,0.9,0.83,0.94,0.75,0.83,0.87,0.84,0.82,0.92,0.85,0.8,0.91,0.84,0.92,0.75,0.89,0.88,0.82,0.87,0.86,0.82,0.82,0.8,0.88,0.87,1.02,1.01,0.8,0.93,1.02,0.88,0.89,0.84,0.83,0.81,0.88,0.83,0.9,0.73,0.88,0.95,0.8,0.92,0.87,0.82,0.83,0.81,0.8
91,1.24,0.9,0.64,0.79,1.04,1.16,0.84,0.78,1.04,0.8,1.01,0.75,0.72,0.71,0.89,0.84,0.9,0.83,0.79,1.02,0.91,0.89,0.92,1.13,1.13,1.3,0.86,0.83,0.91,0.99,0.82,1.2,1.52,0.96,1.25,1.92,1.48,1.35,1.35,2.03,1.43,0.92,0.85,0.85,0.77,0.78,0.91,0.75,0.8,0.89,0.97,0.94,0.8,0.82,0.88,0.93,0.97,0.86,0.84,0.85,0.9,0.94,0.89,0.9,0.98,0.96,0.82,0.83,0.95,0.92,0.9,0.85,0.88,0.91,0.9,0.9,0.95,0.93,0.95,0.95,1.02,0.78,0.75,0.77,0.83,0.86,0.77,0.78,0.8,0.9,0.87,0.79,0.82,0.81,0.83,0.82,0.77,0.77
90,0.86,1.02,0.79,0.95,0.83,0.93,0.83,0.83,1.09,1.06,0.89,0.88,0.87,1.08,0.85,0.69,0.91,1.18,0.98,0.76,0.98,0.88,1.14,0.99,0.95,0.61,0.93,0.84,1.24,0.88,1.08,1.45,0.9,1.31,1.81,1.64,1.17,1.52,1.67,1.27,1.2,0.9,1.03,0.87,0.92,0.95,0.71,0.8,0.89,0.77,0.9,0.83,0.81,0.85,0.78,0.86,0.86,0.9,0.92,0.86,0.82,0.9,0.78,0.85,0.9,0.85,0.77,0.97,0.78,0.91,1.06,0.89,0.83,0.84,0.9,0.9,0.86,0.97,0.87,0.89,0.88,0.84,0.86,0.87,0.83,0.86,0.77,0.81,0.84,0.86,0.85,0.84,0.88,0.85,0.77,0.89,0.86,0.88
89,0.89,0.87,0.94,0.92,0.71,0.85,0.98,0.98,1.15,1.19,0.78,0.97,0.89,1,0.76,0.94,1.05,1.09,0.74,0.97,0.91,0.84,1.15,0.92,1.13,0.86,1.02,0.84,0.86,0.98,1.2,0.97,1.05,1.33,1.43,0.99,1.08,1.29,1.17,1.35,1.68,0.79,0.84,0.87,0.91,0.76,0.85,0.94,0.93,0.95,0.84,0.95,0.83,0.85,0.84,0.71,0.86,0.87,0.84,0.8,0.9,0.86,0.94,0.85,0.84,0.83,0.91,0.82,0.92,0.91,0.87,0.9,0.74,0.92,0.92,0.86,0.87,0.9,0.92,0.89,0.88,0.83,0.81,0.86,0.77,0.78,0.82,0.88,0.87,0.8,0.75,0.82,0.85,0.83,0.81,0.78,0.84,0.88
88,0.9,0.95,0.89,0.85,0.88,0.97,0.9,1.06,0.94,0.8,1.01,0.85,0.81,0.88,0.96,0.87,0.95,1.05,0.77,0.92,0.84,0.98,1.05,0.99,1.11,0.86,0.93,1.01,0.9,0.89,0.86,1.03,1.17,1.23,1.09,0.94,1.26,1.1,1.13,1.45,1.16,0.92,0.79,0.85,0.8,0.79,0.89,0.9,0.84,0.88,0.86,0.76,0.88,0.87,0.85,0.88,0.84,0.73,0.88,0.85,0.92,0.78,0.82,0.84,0.83,0.93,0.85,0.79,0.88,0.87,0.81,0.84,0.83,0.79,0.8,0.81,0.82,0.87,0.89,0.86,0.77,0.84,0.77,0.83,0.8,0.85,0.85,0.82,0.88,0.78,0.84,0.81,0.86,0.84,0.8,0.82,0.8,0.8
87,0.96,0.91,0.79,0.87,0.97,0.89,1.05,0.99,0.94,0.89,0.96,0.85,0.97,0.82,0.99,0.83,0.92,0.96,0.89,0.93,0.87,0.9,0.94,1.15,0.87,0.9,0.93,0.96,0.91,0.99,0.91,1.21,1.11,1.08,0.95,1.25,0.97,1.06,1.29,1.14,0.98,0.9,0.88,0.86,0.86,0.87,0.87,0.83,0.87,0.82,0.84,0.8,0.81,0.82,0.82,0.82,0.8,0.83,0.8,0.77,0.79,0.73,0.8,0.81,0.83,0.86,0.84,0.82,0.91,0.79,0.76,0.78,0.78,0.8,0.85,0.78,0.78,0.85,0.79,0.86,0.86,0.81,0.77,0.83,0.83,0.79,0.79,0.81,0.77,0.76,0.8,0.81,0.75,0.77,0.77,0.75,0.76,0.77
86,1.04,1,0.95,1.06,0.94,1.13,0.98,0.84,0.91,0.89,1.01,0.93,0.98,1.03,0.85,0.94,0.9,0.91,0.98,0.97,1.04,0.93,0.99,1.08,0.94,0.86,0.74,0.89,0.85,0.94,1.01,1.03,0.92,0.85,1.18,0.98,1.08,1.21,1.06,0.99,0.85,0.91,0.83,0.88,0.86,0.89,0.87,0.8,0.77,0.83,0.87,0.77,0.76,0.85,0.81,0.78,0.73,0.81,0.84,0.84,0.82,0.68,0.82,0.84,0.82,0.78,0.84,0.82,0.68,0.78,0.76,0.77,0.79,0.8,0.81,0.82,0.81,0.85,0.82,0.82,0.8,0.76,0.74,0.77,0.85,0.82,0.8,0.84,0.77,0.78,0.8,0.78,0.8,0.79,0.77,0.78,0.77,0.77
85,0.92,1.02,0.97,0.95,1.19,1.03,0.91,0.97,0.88,0.83,0.93,0.84,0.89,0.94,1,0.88,0.95,0.96,0.92,0.94,0.8,0.87,0.96,0.98,0.99,0.92,1,0.87,0.91,0.99,1.03,0.85,0.94,1.01,1.01,1.05,1.16,1.03,0.93,0.8,0.83,0.87,0.84,0.8,0.88,0.88,0.85,0.77,0.86,0.85,0.83,0.77,0.81,0.73,0.78,0.75,0.83,0.83,0.81,0.78,0.8,0.88,0.79,0.79,0.8,0.79,0.78,0.81,0.75,0.72,0.73,0.75,0.73,0.79,0.82,0.79,0.78,0.82,0.85,0.79,0.84,0.77,0.79,0.8,0.75,0.79,0.7,0.75,0.81,0.76,0.78,0.73,0.7,0.71,0.76,0.75,0.76,0.75
84,1.01,0.9,0.94,0.9,0.86,0.8,0.99,0.83,0.9,0.92,0.83,0.94,0.93,1.01,0.89,0.85,0.92,0.98,0.86,0.89,0.93,0.92,0.97,1.03,1.01,1.02,0.97,0.87,0.83,1.04,0.87,0.94,1.05,0.92,0.97,1.09,0.96,0.89,0.81,0.77,0.92,0.83,0.82,0.85,0.81,0.82,0.91,0.79,0.8,0.82,0.76,0.78,0.84,0.76,0.78,0.75,0.73,0.81,0.76,0.82,0.76,0.77,0.74,0.81,0.81,0.81,0.72,0.77,0.76,0.69,0.76,0.71,0.75,0.76,0.82,0.81,0.74,0.81,0.75,0.78,0.74,0.79,0.73,0.75,0.77,0.77,0.74,0.76,0.75,0.77,0.77,0.75,0.73,0.77,0.76,0.76,0.74,0.71
83,0.97,0.98,0.93,0.87,0.89,0.95,0.98,0.95,0.91,0.88,0.96,0.82,0.95,0.93,0.97,0.88,0.85,0.97,0.89,0.95,0.91,0.93,0.92,0.86,0.97,0.93,0.88,0.83,0.84,0.91,0.87,0.91,0.95,1,1.14,1.03,0.9,0.88,0.78,0.87,0.93,0.76,0.91,0.8,0.82,0.78,0.81,0.83,0.79,0.84,0.82,0.8,0.73,0.78,0.81,0.73,0.73,0.79,0.76,0.78,0.77,0.75,0.72,0.77,0.74,0.74,0.71,0.77,0.81,0.76,0.71,0.7,0.75,0.76,0.77,0.71,0.74,0.71,0.77,0.82,0.74,0.74,0.8,0.78,0.77,0.73,0.72,0.73,0.72,0.78,0.73,0.78,0.7,0.77,0.71,0.74,0.71,0.73
82,1,1.04,0.87,0.92,0.92,0.95,1.04,0.87,0.91,0.93,0.93,0.92,0.88,0.94,0.94,0.92,0.91,0.92,0.92,0.91,0.91,0.99,0.87,0.95,0.9,0.93,0.88,0.84,0.82,0.94,0.92,0.88,1.02,0.96,0.98,0.9,0.86,0.86,0.87,0.97,0.9,0.86,0.8,0.85,0.84,0.75,0.75,0.76,0.84,0.81,0.79,0.72,0.78,0.78,0.79,0.75,0.76,0.72,0.74,0.71,0.75,0.75,0.76,0.74,0.7,0.74,0.72,0.78,0.74,0.73,0.69,0.78,0.69,0.73,0.73,0.74,0.75,0.71,0.76,0.68,0.79,0.73,0.74,0.73,0.72,0.69,0.7,0.72,0.68,0.73,0.69,0.73,0.73,0.69,0.69,0.7,0.65,0.68
81,1.01,0.94,0.93,0.84,0.98,0.95,0.9,0.92,0.95,0.88,0.9,0.99,0.99,0.92,0.95,0.9,0.82,0.82,0.9,0.87,0.9,0.88,0.91,0.89,0.95,0.88,0.88,0.79,0.89,0.92,1.02,0.94,1,0.96,0.9,0.81,0.86,0.92,0.89,0.81,0.87,0.79,0.85,0.8,0.77,0.79,0.83,0.78,0.75,0.76,0.75,0.78,0.77,0.77,0.75,0.78,0.73,0.75,0.74,0.68,0.69,0.72,0.71,0.69,0.73,0.69,0.71,0.7,0.74,0.73,0.7,0.7,0.7,0.72,0.79,0.68,0.76,0.72,0.68,0.66,0.67,0.75,0.73,0.71,0.7,0.72,0.72,0.74,0.74,0.71,0.68,0.69,0.7,0.67,0.65,0.7,0.69,0.67
80,0.89,1.01,0.95,0.98,0.89,0.95,0.87,0.92,0.95,0.94,0.85,0.97,0.95,0.92,0.91,0.98,0.92,0.9,0.96,1.04,0.9,0.89,0.91,0.93,0.96,0.91,0.82,0.89,0.9,0.87,0.92,1.07,1.04,0.81,0.85,0.84,0.88,0.89,0.83,0.87,0.84,0.83,0.78,0.81,0.78,0.81,0.7,0.79,0.74,0.69,0.8,0.78,0.73,0.76,0.73,0.67,0.68,0.75,0.73,0.71,0.71,0.72,0.66,0.7,0.71,0.69,0.72,0.7,0.67,0.7,0.68,0.65,0.7,0.65,0.71,0.73,0.7,0.72,0.64,0.74,0.68,0.69,0.7,0.69,0.68,0.72,0.7,0.71,0.76,0.66,0.66,0.67,0.68,0.69,0.63,0.69,0.64,0.62
79,1.16,1.01,0.87,0.94,0.96,0.85,1.02,0.89,0.94,0.9,0.91,0.9,0.91,0.94,0.91,0.88,0.88,0.88,0.83,0.92,0.87,0.94,0.95,0.92,0.94,0.87,0.88,0.9,0.86,0.85,0.99,0.91,0.91,0.87,0.84,0.87,0.79,0.84,0.86,0.9,0.83,0.76,0.75,0.79,0.73,0.75,0.77,0.75,0.73,0.75,0.69,0.67,0.73,0.69,0.68,0.71,0.67,0.65,0.68,0.69,0.71,0.65,0.68,0.7,0.7,0.65,0.69,0.67,0.69,0.7,0.65,0.66,0.64,0.71,0.7,0.67,0.7,0.66,0.67,0.66,0.71,0.72,0.68,0.66,0.66,0.66,0.65,0.67,0.65,0.67,0.64,0.64,0.67,0.64,0.65,0.68,0.62,0.63
78,0.96,0.98,0.94,0.96,0.94,0.9,0.94,0.9,0.92,0.89,0.89,0.9,0.92,0.88,0.84,0.88,0.96,0.92,0.85,0.89,0.85,0.89,0.95,0.98,0.91,0.85,0.88,0.86,0.84,0.96,0.95,0.86,0.86,0.77,0.91,0.94,0.73,0.86,0.84,0.89,0.86,0.79,0.75,0.75,0.76,0.77,0.75,0.72,0.69,0.71,0.74,0.7,0.69,0.65,0.68,0.68,0.67,0.67,0.68,0.68,0.67,0.68,0.64,0.67,0.7,0.65,0.69,0.65,0.66,0.66,0.65,0.64,0.62,0.67,0.68,0.7,0.7,0.67,0.64,0.67,0.65,0.67,0.66,0.65,0.67,0.66,0.65,0.65,0.61,0.68,0.62,0.62,0.63,0.61,0.61,0.59,0.54,0.61
77,1.01,0.9,0.95,0.89,0.96,0.95,0.93,0.87,0.86,0.91,0.91,0.89,0.87,0.9,0.86,0.94,0.95,0.9,0.97,0.9,0.89,0.85,0.94,0.89,0.88,0.94,0.93,0.88,0.82,0.92,0.89,0.92,0.81,0.88,0.86,0.85,0.83,0.87,0.84,0.83,0.75,0.78,0.73,0.76,0.75,0.76,0.71,0.67,0.73,0.67,0.68,0.68,0.69,0.65,0.65,0.68,0.67,0.68,0.62,0.65,0.64,0.67,0.67,0.63,0.65,0.67,0.66,0.61,0.66,0.63,0.62,0.6,0.59,0.68,0.63,0.64,0.65,0.67,0.65,0.63,0.61,0.66,0.63,0.61,0.61,0.62,0.65,0.61,0.61,0.61,0.6,0.58,0.59,0.56,0.55,0.58,0.58,0.59
76,0.99,0.96,0.9,0.99,0.91,0.96,0.89,0.9,0.9,0.91,0.89,0.87,0.87,0.87,0.92,0.91,0.9,0.89,0.92,0.88,0.83,0.97,0.87,0.86,0.89,0.96,0.91,0.84,0.87,0.84,0.83,0.86,0.89,0.8,0.82,0.82,0.81,0.83,0.82,0.75,0.79,0.76,0.68,0.76,0.68,0.75,0.66,0.66,0.72,0.64,0.71,0.65,0.67,0.61,0.62,0.65,0.6,0.63,0.62,0.66,0.67,0.6,0.6,0.62,0.62,0.64,0.62,0.62,0.6,0.65,0.6,0.59,0.62,0.65,0.64,0.65,0.64,0.59,0.62,0.61,0.59,0.61,0.62,0.59,0.62,0.64,0.61,0.62,0.59,0.61,0.57,0.6,0.61,0.56,0.57,0.62,0.58,0.55
75,1.01,0.99,0.92,0.94,0.92,0.86,0.98,0.91,0.92,0.85,0.91,0.8,0.88,0.92,0.89,0.87,0.92,0.96,0.84,0.92,0.87,0.85,0.84,0.94,0.88,0.92,0.88,0.91,0.86,0.84,0.83,0.87,0.87,0.8,0.82,0.83,0.82,0.8,0.76,0.72,0.84,0.76,0.7,0.67,0.7,0.72,0.7,0.69,0.71,0.62,0.64,0.65,0.63,0.63,0.62,0.61,0.59,0.62,0.61,0.6,0.65,0.62,0.6,0.63,0.62,0.65,0.57,0.61,0.64,0.63,0.61,0.58,0.62,0.59,0.58,0.61,0.64,0.61,0.54,0.61,0.64,0.6,0.62,0.62,0.61,0.58,0.57,0.66,0.6,0.59,0.59,0.57,0.54,0.53,0.54,0.53,0.55,0.57
74,0.95,0.99,0.98,0.89,0.92,0.92,0.91,0.94,0.91,0.85,0.84,0.88,0.91,0.88,0.92,0.9,0.89,0.8,0.84,0.93,0.92,0.89,0.9,0.91,0.88,0.91,0.85,0.82,0.86,0.88,0.82,0.85,0.75,0.83,0.84,0.85,0.76,0.73,0.73,0.72,0.73,0.7,0.67,0.66,0.65,0.67,0.67,0.66,0.64,0.65,0.62,0.6,0.59,0.65,0.62,0.59,0.61,0.6,0.6,0.58,0.56,0.6,0.59,0.63,0.58,0.59,0.6,0.6,0.57,0.61,0.59,0.62,0.59,0.57,0.59,0.58,0.6,0.57,0.58,0.56,0.6,0.58,0.56,0.59,0.56,0.57,0.56,0.54,0.59,0.62,0.52,0.58,0.58,0.57,0.53,0.48,0.55,0.54
73,0.99,0.93,0.98,0.86,0.89,0.91,0.91,0.9,0.89,0.84,0.94,0.87,0.92,0.88,0.92,0.86,0.85,0.9,0.91,0.8,0.88,0.81,0.87,0.92,0.91,0.9,0.77,0.84,0.89,0.84,0.82,0.78,0.8,0.76,0.8,0.78,0.68,0.75,0.74,0.74,0.66,0.62,0.67,0.67,0.66,0.61,0.62,0.61,0.6,0.61,0.6,0.58,0.58,0.57,0.59,0.59,0.55,0.56,0.57,0.58,0.63,0.57,0.61,0.58,0.57,0.57,0.61,0.55,0.56,0.59,0.57,0.55,0.58,0.56,0.56,0.54,0.59,0.58,0.57,0.56,0.54,0.59,0.59,0.56,0.55,0.57,0.55,0.5,0.61,0.53,0.58,0.54,0.53,0.55,0.53,0.51,0.52,0.53
72,0.88,0.98,0.87,0.89,0.95,0.92,0.93,0.93,0.9,0.9,0.91,0.87,0.88,0.87,0.9,0.88,0.88,0.88,0.79,0.89,0.92,0.88,0.9,0.89,0.86,0.78,0.81,0.83,0.77,0.75,0.76,0.79,0.86,0.82,0.75,0.72,0.7,0.74,0.72,0.67,0.68,0.69,0.63,0.6,0.61,0.65,0.62,0.6,0.57,0.57,0.58,0.56,0.59,0.57,0.55,0.53,0.54,0.55,0.58,0.58,0.6,0.57,0.56,0.55,0.56,0.56,0.58,0.61,0.54,0.55,0.54,0.56,0.54,0.57,0.57,0.53,0.54,0.55,0.53,0.58,0.56,0.52,0.55,0.56,0.53,0.54,0.57,0.51,0.51,0.51,0.52,0.5,0.53,0.5,0.5,0.51,0.52,0.51
71,1.09,0.9,0.95,0.94,0.88,0.95,0.83,0.9,0.84,0.89,0.93,0.93,0.87,0.9,0.88,0.88,0.86,0.82,0.78,0.83,0.88,0.88,0.91,0.85,0.89,0.88,0.76,0.87,0.78,0.75,0.78,0.82,0.73,0.75,0.7,0.73,0.71,0.66,0.66,0.69,0.67,0.65,0.63,0.6,0.6,0.61,0.58,0.61,0.59,0.54,0.59,0.53,0.56,0.54,0.55,0.54,0.52,0.53,0.56,0.56,0.58,0.53,0.58,0.57,0.53,0.56,0.56,0.53,0.52,0.56,0.56,0.52,0.52,0.51,0.51,0.51,0.53,0.58,0.51,0.55,0.51,0.55,0.56,0.53,0.53,0.52,0.5,0.49,0.47,0.49,0.56,0.5,0.51,0.53,0.51,0.5,0.5,0.48
70,0.89,0.94,0.96,0.96,0.86,0.91,0.88,0.91,0.88,0.9,0.86,0.81,0.86,0.87,0.87,0.88,0.86,0.84,0.83,0.88,0.8,0.83,0.9,0.88,0.86,0.79,0.79,0.82,0.77,0.76,0.75,0.79,0.78,0.71,0.71,0.7,0.67,0.63,0.69,0.68,0.66,0.59,0.59,0.58,0.58,0.56,0.54,0.55,0.57,0.54,0.53,0.51,0.58,0.53,0.55,0.57,0.5,0.54,0.55,0.53,0.51,0.56,0.53,0.56,0.53,0.53,0.57,0.54,0.55,0.54,0.53,0.55,0.5,0.52,0.51,0.53,0.5,0.52,0.54,0.53,0.51,0.52,0.51,0.45,0.5,0.5,0.5,0.57,0.47,0.5,0.51,0.55,0.51,0.47,0.49,0.49,0.44,0.5
69,1.1,0.93,0.9,0.87,0.89,0.84,0.91,0.82,0.87,0.88,0.85,0.84,0.86,0.84,0.82,0.83,0.81,0.83,0.8,0.88,0.77,0.83,0.87,0.78,0.81,0.77,0.76,0.79,0.75,0.74,0.81,0.68,0.68,0.69,0.68,0.68,0.65,0.65,0.69,0.62,0.65,0.57,0.59,0.57,0.55,0.54,0.53,0.55,0.52,0.5,0.51,0.5,0.5,0.51,0.53,0.5,0.53,0.51,0.57,0.53,0.54,0.53,0.53,0.51,0.56,0.52,0.54,0.52,0.51,0.51,0.49,0.48,0.49,0.53,0.5,0.49,0.48,0.46,0.52,0.52,0.46,0.5,0.49,0.5,0.52,0.48,0.47,0.5,0.49,0.5,0.5,0.52,0.48,0.51,0.47,0.51,0.48,0.46
68,0.82,0.93,0.92,0.85,0.83,0.83,0.91,0.86,0.86,0.86,0.87,0.82,0.88,0.84,0.83,0.88,0.9,0.88,0.79,0.9,0.8,0.83,0.8,0.81,0.79,0.78,0.74,0.72,0.77,0.68,0.7,0.67,0.69,0.66,0.68,0.64,0.6,0.63,0.66,0.62,0.57,0.54,0.54,0.52,0.53,0.53,0.52,0.52,0.53,0.51,0.53,0.51,0.51,0.49,0.48,0.51,0.48,0.45,0.54,0.47,0.56,0.51,0.53,0.52,0.52,0.5,0.51,0.5,0.5,0.49,0.49,0.5,0.44,0.47,0.48,0.5,0.48,0.47,0.51,0.48,0.49,0.48,0.47,0.49,0.46,0.52,0.48,0.5,0.47,0.47,0.53,0.47,0.47,0.46,0.46,0.48,0.46,0.5
67,0.99,0.9,0.85,0.86,0.9,0.86,0.87,0.81,0.79,0.85,0.85,0.82,0.81,0.83,0.79,0.83,0.85,0.79,0.81,0.78,0.79,0.81,0.77,0.77,0.82,0.76,0.75,0.72,0.75,0.71,0.7,0.69,0.69,0.65,0.62,0.67,0.64,0.61,0.6,0.61,0.61,0.56,0.55,0.54,0.49,0.52,0.51,0.5,0.49,0.49,0.47,0.51,0.51,0.5,0.49,0.5,0.5,0.48,0.52,0.52,0.5,0.5,0.51,0.47,0.51,0.51,0.56,0.51,0.51,0.47,0.46,0.44,0.46,0.5,0.49,0.5,0.49,0.48,0.45,0.49,0.47,0.45,0.48,0.45,0.46,0.5,0.45,0.48,0.46,0.45,0.44,0.45,0.44,0.46,0.43,0.45,0.47,0.46
66,0.87,0.89,0.88,0.89,0.89,0.83,0.82,0.83,0.87,0.8,0.85,0.81,0.84,0.89,0.82,0.75,0.78,0.77,0.82,0.85,0.74,0.81,0.67,0.79,0.76,0.76,0.7,0.73,0.71,0.69,0.66,0.66,0.69,0.65,0.57,0.64,0.59,0.64,0.62,0.55,0.57,0.51,0.52,0.55,0.52,0.52,0.5,0.48,0.49,0.47,0.46,0.49,0.46,0.47,0.48,0.49,0.49,0.51,0.51,0.53,0.5,0.51,0.49,0.47,0.49,0.51,0.5,0.49,0.45,0.48,0.47,0.47,0.45,0.46,0.48,0.48,0.49,0.47,0.44,0.48,0.47,0.54,0.43,0.43,0.44,0.47,0.49,0.46,0.44,0.43,0.44,0.46,0.43,0.48,0.44,0.47,0.48,0.46
65,0.89,0.86,0.86,0.85,0.86,0.85,0.76,0.86,0.88,0.79,0.81,0.8,0.78,0.8,0.81,0.88,0.83,0.78,0.67,0.78,0.73,0.74,0.79,0.78,0.77,0.73,0.73,0.68,0.66,0.62,0.68,0.68,0.63,0.64,0.59,0.59,0.59,0.64,0.51,0.55,0.59,0.51,0.5,0.51,0.52,0.5,0.45,0.49,0.45,0.47,0.5,0.51,0.48,0.47,0.48,0.47,0.5,0.48,0.45,0.47,0.5,0.46,0.5,0.48,0.48,0.49,0.44,0.48,0.44,0.45,0.43,0.48,0.44,0.51,0.49,0.48,0.45,0.46,0.43,0.51,0.45,0.44,0.47,0.44,0.44,0.43,0.46,0.42,0.48,0.45,0.44,0.45,0.47,0.47,0.47,0.46,0.42,0.49
64,0.96,0.93,0.86,0.85,0.89,0.81,0.84,0.83,0.8,0.85,0.78,0.75,0.77,0.84,0.77,0.77,0.78,0.75,0.76,0.78,0.74,0.74,0.69,0.73,0.8,0.68,0.64,0.68,0.69,0.64,0.67,0.62,0.62,0.59,0.59,0.56,0.6,0.59,0.56,0.53,0.46,0.5,0.53,0.47,0.47,0.48,0.5,0.45,0.5,0.47,0.49,0.45,0.5,0.49,0.5,0.46,0.49,0.46,0.45,0.48,0.49,0.45,0.44,0.49,0.48,0.45,0.46,0.45,0.41,0.41,0.43,0.43,0.4,0.45,0.48,0.47,0.4,0.43,0.47,0.47,0.47,0.44,0.39,0.49,0.43,0.45,0.45,0.44,0.41,0.44,0.4,0.44,0.46,0.41,0.43,0.43,0.46,0.45
63,0.91,0.89,0.84,0.87,0.83,0.84,0.84,0.8,0.81,0.79,0.77,0.8,0.79,0.76,0.78,0.86,0.77,0.78,0.75,0.73,0.69,0.8,0.71,0.7,0.76,0.7,0.63,0.68,0.63,0.62,0.61,0.62,0.62,0.63,0.57,0.57,0.51,0.54,0.57,0.51,0.49,0.49,0.48,0.48,0.48,0.45,0.46,0.45,0.44,0.47,0.48,0.46,0.5,0.47,0.45,0.47,0.49,0.45,0.48,0.51,0.5,0.48,0.51,0.49,0.47,0.45,0.42,0.43,0.47,0.45,0.41,0.46,0.44,0.44,0.42,0.4,0.47,0.41,0.4,0.41,0.4,0.45,0.43,0.46,0.47,0.45,0.46,0.44,0.42,0.41,0.41,0.41,0.43,0.46,0.46,0.43,0.41,0.4
62,0.93,0.95,0.85,0.79,0.8,0.83,0.84,0.83,0.84,0.78,0.74,0.78,0.84,0.79,0.81,0.73,0.79,0.78,0.8,0.71,0.68,0.69,0.63,0.73,0.66,0.64,0.66,0.71,0.59,0.66,0.62,0.64,0.58,0.61,0.57,0.56,0.54,0.54,0.53,0.5,0.49,0.5,0.46,0.49,0.46,0.49,0.46,0.46,0.45,0.45,0.44,0.44,0.49,0.45,0.44,0.44,0.5,0.49,0.47,0.43,0.47,0.49,0.46,0.44,0.45,0.41,0.43,0.38,0.43,0.44,0.43,0.43,0.44,0.45,0.42,0.44,0.41,0.43,0.44,0.4,0.4,0.39,0.41,0.4,0.43,0.41,0.44,0.39,0.42,0.42,0.38,0.44,0.46,0.47,0.42,0.43,0.42,0.41
61,0.97,0.87,0.78,0.85,0.79,0.81,0.8,0.76,0.77,0.73,0.77,0.79,0.71,0.77,0.74,0.77,0.77,0.73,0.76,0.68,0.69,0.67,0.71,0.68,0.68,0.64,0.7,0.7,0.62,0.7,0.59,0.57,0.67,0.59,0.55,0.5,0.52,0.56,0.54,0.49,0.49,0.46,0.49,0.47,0.49,0.49,0.43,0.47,0.45,0.47,0.5,0.47,0.46,0.47,0.51,0.46,0.5,0.47,0.49,0.48,0.48,0.45,0.46,0.44,0.44,0.4,0.45,0.41,0.46,0.41,0.39,0.4,0.4,0.43,0.44,0.42,0.46,0.39,0.4,0.42,0.41,0.44,0.43,0.44,0.42,0.44,0.44,0.43,0.4,0.45,0.44,0.44,0.4,0.43,0.42,0.42,0.41,0.48
60,0.81,0.81,0.79,0.82,0.74,0.91,0.82,0.77,0.82,0.78,0.76,0.76,0.76,0.76,0.71,0.69,0.8,0.8,0.73,0.68,0.62,0.65,0.71,0.73,0.71,0.56,0.63,0.62,0.58,0.59,0.55,0.59,0.56,0.51,0.53,0.54,0.54,0.46,0.45,0.51,0.49,0.46,0.5,0.46,0.51,0.47,0.46,0.44,0.45,0.45,0.48,0.47,0.48,0.5,0.46,0.46,0.45,0.49,0.48,0.45,0.42,0.46,0.44,0.42,0.45,0.43,0.39,0.42,0.41,0.37,0.38,0.37,0.42,0.43,0.44,0.46,0.35,0.44,0.48,0.38,0.39,0.45,0.43,0.42,0.4,0.41,0.41,0.44,0.48,0.41,0.44,0.41,0.44,0.47,0.45,0.44,0.47,0.47
59,0.86,0.91,0.81,0.79,0.82,0.8,0.73,0.8,0.69,0.67,0.75,0.71,0.76,0.76,0.71,0.72,0.68,0.7,0.76,0.67,0.6,0.72,0.71,0.69,0.66,0.6,0.62,0.58,0.6,0.54,0.64,0.55,0.65,0.55,0.53,0.52,0.54,0.47,0.51,0.49,0.53,0.5,0.47,0.44,0.47,0.5,0.49,0.49,0.48,0.49,0.45,0.48,0.48,0.45,0.51,0.46,0.44,0.49,0.46,0.43,0.46,0.44,0.42,0.4,0.41,0.42,0.43,0.4,0.42,0.41,0.41,0.45,0.41,0.42,0.4,0.46,0.4,0.43,0.41,0.38,0.44,0.42,0.37,0.43,0.4,0.46,0.46,0.48,0.45,0.43,0.45,0.42,0.44,0.48,0.4,0.46,0.42,0.47
58,0.9,0.82,0.88,0.82,0.74,0.75,0.76,0.75,0.78,0.77,0.77,0.74,0.75,0.75,0.72,0.73,0.78,0.7,0.59,0.71,0.62,0.73,0.7,0.63,0.67,0.58,0.58,0.61,0.62,0.51,0.6,0.57,0.54,0.51,0.51,0.52,0.42,0.5,0.47,0.46,0.52,0.47,0.44,0.45,0.48,0.49,0.5,0.51,0.47,0.43,0.46,0.48,0.47,0.48,0.48,0.46,0.5,0.41,0.46,0.44,0.47,0.39,0.41,0.41,0.4,0.44,0.42,0.45,0.39,0.39,0.37,0.42,0.4,0.4,0.39,0.44,0.41,0.39,0.4,0.39,0.39,0.43,0.43,0.46,0.45,0.39,0.46,0.39,0.43,0.41,0.4,0.45,0.46,0.44,0.46,0.47,0.44,0.5
57,0.9,0.79,0.78,0.85,0.76,0.8,0.82,0.75,0.74,0.81,0.65,0.82,0.73,0.67,0.67,0.73,0.76,0.77,0.68,0.69,0.65,0.63,0.61,0.63,0.72,0.58,0.62,0.58,0.66,0.54,0.59,0.54,0.53,0.54,0.5,0.48,0.53,0.5,0.48,0.54,0.48,0.52,0.5,0.5,0.47,0.5,0.49,0.48,0.48,0.48,0.47,0.46,0.47,0.52,0.43,0.45,0.43,0.43,0.42,0.44,0.43,0.45,0.41,0.45,0.43,0.41,0.4,0.44,0.45,0.42,0.37,0.37,0.46,0.44,0.38,0.44,0.39,0.44,0.49,0.4,0.46,0.43,0.47,0.41,0.42,0.44,0.41,0.38,0.45,0.43,0.4,0.43,0.41,0.44,0.44,0.44,0.55,0.45
56,0.9,0.8,0.8,0.79,0.77,0.78,0.8,0.84,0.73,0.78,0.73,0.63,0.74,0.7,0.7,0.71,0.68,0.64,0.66,0.65,0.7,0.6,0.6,0.73,0.67,0.7,0.58,0.6,0.58,0.56,0.57,0.61,0.52,0.56,0.5,0.49,0.55,0.52,0.55,0.52,0.56,0.52,0.47,0.48,0.56,0.5,0.48,0.49,0.46,0.5,0.47,0.49,0.5,0.44,0.53,0.46,0.47,0.45,0.4,0.41,0.39,0.43,0.39,0.42,0.44,0.41,0.42,0.41,0.43,0.43,0.41,0.39,0.37,0.37,0.43,0.43,0.4,0.38,0.39,0.42,0.43,0.44,0.44,0.44,0.38,0.43,0.47,0.4,0.42,0.44,0.4,0.4,0.43,0.41,0.49,0.46,0.44,0.43
55,0.87,0.81,0.77,0.86,0.78,0.72,0.82,0.78,0.64,0.73,0.66,0.67,0.73,0.7,0.7,0.68,0.68,0.67,0.63,0.65,0.71,0.64,0.65,0.64,0.64,0.54,0.61,0.66,0.63,0.68,0.59,0.5,0.6,0.55,0.54,0.5,0.52,0.57,0.54,0.48,0.49,0.56,0.5,0.48,0.49,0.49,0.5,0.49,0.48,0.53,0.55,0.49,0.41,0.45,0.38,0.45,0.41,0.43,0.41,0.44,0.41,0.4,0.42,0.39,0.43,0.39,0.41,0.42,0.39,0.43,0.46,0.41,0.4,0.34,0.39,0.4,0.39,0.42,0.43,0.42,0.39,0.42,0.43,0.42,0.4,0.41,0.41,0.42,0.4,0.38,0.41,0.45,0.48,0.45,0.49,0.47,0.43,0.45
54,0.71,0.82,0.8,0.88,0.73,0.8,0.8,0.79,0.77,0.75,0.72,0.72,0.69,0.7,0.63,0.71,0.66,0.73,0.69,0.68,0.64,0.59,0.63,0.59,0.66,0.56,0.56,0.57,0.57,0.6,0.55,0.53,0.51,0.59,0.55,0.54,0.57,0.49,0.5,0.57,0.52,0.55,0.49,0.5,0.59,0.51,0.53,0.5,0.48,0.42,0.45,0.51,0.58,0.44,0.5,0.45,0.44,0.43,0.47,0.43,0.42,0.48,0.41,0.41,0.4,0.42,0.38,0.42,0.41,0.47,0.31,0.38,0.39,0.44,0.39,0.38,0.4,0.38,0.42,0.44,0.36,0.38,0.42,0.44,0.38,0.43,0.39,0.43,0.44,0.41,0.38,0.39,0.37,0.54,0.4,0.54,0.51,0.5
53,0.91,0.78,0.74,0.73,0.8,0.81,0.77,0.75,0.77,0.71,0.74,0.74,0.72,0.71,0.74,0.71,0.72,0.72,0.79,0.67,0.61,0.65,0.59,0.62,0.61,0.53,0.58,0.58,0.57,0.52,0.53,0.61,0.58,0.6,0.57,0.53,0.57,0.59,0.53,0.51,0.5,0.56,0.51,0.55,0.57,0.53,0.51,0.48,0.52,0.55,0.44,0.42,0.45,0.48,0.44,0.48,0.41,0.44,0.48,0.45,0.4,0.43,0.41,0.43,0.43,0.39,0.41,0.44,0.43,0.4,0.37,0.42,0.39,0.38,0.41,0.45,0.37,0.43,0.42,0.44,0.44,0.47,0.37,0.35,0.38,0.44,0.43,0.45,0.41,0.41,0.47,0.41,0.52,0.48,0.57,0.43,0.53,0.47
52,0.85,0.78,0.81,0.8,0.79,0.72,0.79,0.81,0.77,0.75,0.68,0.66,0.63,0.78,0.74,0.74,0.73,0.7,0.61,0.72,0.69,0.6,0.63,0.64,0.63,0.6,0.58,0.71,0.61,0.55,0.54,0.54,0.53,0.49,0.52,0.61,0.53,0.55,0.6,0.56,0.63,0.57,0.53,0.53,0.58,0.55,0.58,0.56,0.53,0.52,0.5,0.49,0.44,0.43,0.47,0.48,0.44,0.42,0.47,0.47,0.39,0.42,0.4,0.41,0.43,0.42,0.45,0.4,0.4,0.41,0.37,0.35,0.36,0.39,0.36,0.43,0.37,0.36,0.38,0.38,0.42,0.48,0.44,0.41,0.37,0.42,0.44,0.44,0.44,0.45,0.42,0.41,0.5,0.45,0.43,0.42,0.45,0.45
51,0.87,0.76,0.76,0.83,0.75,0.78,0.87,0.74,0.76,0.72,0.64,0.74,0.75,0.71,0.73,0.69,0.68,0.74,0.73,0.61,0.6,0.64,0.58,0.68,0.6,0.59,0.6,0.62,0.65,0.6,0.65,0.61,0.6,0.59,0.57,0.61,0.57,0.57,0.59,0.57,0.61,0.61,0.51,0.53,0.52,0.57,0.58,0.44,0.52,0.53,0.55,0.47,0.52,0.46,0.43,0.42,0.42,0.42,0.43,0.47,0.45,0.43,0.42,0.41,0.4,0.43,0.37,0.36,0.44,0.38,0.34,0.41,0.41,0.38,0.37,0.46,0.4,0.38,0.38,0.44,0.51,0.44,0.42,0.41,0.49,0.44,0.39,0.42,0.48,0.44,0.42,0.47,0.42,0.5,0.5,0.56,0.52,0.46
50,0.82,0.76,0.8,0.8,0.81,0.81,0.8,0.81,0.77,0.7,0.63,0.72,0.74,0.7,0.61,0.74,0.66,0.74,0.65,0.68,0.69,0.66,0.49,0.72,0.72,0.58,0.64,0.69,0.63,0.7,0.55,0.58,0.6,0.51,0.56,0.6,0.59,0.58,0.6,0.62,0.62,0.57,0.6,0.55,0.59,0.56,0.54,0.45,0.49,0.4,0.48,0.52,0.49,0.46,0.48,0.51,0.43,0.45,0.39,0.44,0.42,0.41,0.44,0.45,0.38,0.44,0.42,0.43,0.38,0.4,0.4,0.44,0.41,0.39,0.42,0.4,0.4,0.39,0.36,0.41,0.41,0.42,0.4,0.5,0.38,0.44,0.42,0.45,0.49,0.48,0.52,0.42,0.43,0.61,0.45,0.46,0.43,0.41
49,0.85,0.78,0.8,0.83,0.81,0.82,0.79,0.79,0.66,0.75,0.69,0.67,0.76,0.74,0.75,0.7,0.76,0.69,0.73,0.65,0.68,0.71,0.59,0.64,0.61,0.48,0.61,0.65,0.64,0.63,0.63,0.64,0.61,0.68,0.56,0.56,0.64,0.6,0.62,0.65,0.61,0.62,0.63,0.62,0.62,0.56,0.57,0.54,0.56,0.44,0.46,0.45,0.54,0.47,0.46,0.4,0.44,0.41,0.42,0.45,0.4,0.47,0.5,0.48,0.38,0.41,0.42,0.4,0.34,0.44,0.34,0.42,0.41,0.42,0.36,0.4,0.39,0.41,0.45,0.44,0.41,0.47,0.41,0.43,0.42,0.4,0.43,0.45,0.47,0.42,0.53,0.42,0.5,0.47,0.42,0.55,0.48,0.48
48,0.81,0.82,0.86,0.75,0.75,0.76,0.85,0.82,0.74,0.71,0.74,0.73,0.71,0.73,0.74,0.69,0.66,0.64,0.67,0.65,0.65,0.65,0.59,0.75,0.73,0.52,0.64,0.63,0.6,0.64,0.71,0.54,0.64,0.62,0.66,0.55,0.6,0.63,0.66,0.7,0.58,0.66,0.59,0.59,0.63,0.53,0.52,0.58,0.59,0.45,0.5,0.51,0.58,0.5,0.43,0.46,0.48,0.41,0.45,0.46,0.47,0.5,0.46,0.41,0.42,0.4,0.43,0.45,0.4,0.47,0.37,0.45,0.41,0.44,0.41,0.42,0.41,0.41,0.41,0.4,0.45,0.48,0.42,0.49,0.42,0.48,0.43,0.48,0.41,0.51,0.53,0.46,0.51,0.44,0.5,0.43,0.45,0.5
47,0.83,0.85,0.79,0.88,0.79,0.73,0.7,0.7,0.7,0.67,0.67,0.7,0.67,0.73,0.67,0.66,0.65,0.65,0.65,0.66,0.73,0.63,0.64,0.72,0.66,0.51,0.62,0.61,0.66,0.69,0.68,0.64,0.64,0.64,0.69,0.62,0.66,0.52,0.73,0.53,0.64,0.65,0.52,0.52,0.56,0.6,0.46,0.53,0.44,0.55,0.49,0.46,0.56,0.51,0.49,0.48,0.44,0.47,0.44,0.47,0.46,0.39,0.48,0.42,0.39,0.38,0.38,0.38,0.36,0.46,0.38,0.4,0.36,0.43,0.36,0.44,0.42,0.4,0.37,0.4,0.49,0.46,0.44,0.42,0.44,0.48,0.48,0.4,0.49,0.49,0.44,0.49,0.54,0.45,0.52,0.46,0.56,0.52
46,0.85,0.83,0.84,0.75,0.85,0.78,0.7,0.73,0.77,0.68,0.72,0.73,0.71,0.87,0.68,0.65,0.66,0.69,0.7,0.59,0.7,0.55,0.59,0.65,0.67,0.61,0.65,0.62,0.69,0.61,0.67,0.65,0.63,0.74,0.63,0.66,0.59,0.66,0.68,0.7,0.62,0.63,0.58,0.49,0.49,0.58,0.58,0.54,0.55,0.47,0.47,0.49,0.46,0.53,0.57,0.49,0.52,0.4,0.44,0.47,0.33,0.5,0.49,0.44,0.4,0.4,0.45,0.45,0.41,0.41,0.38,0.37,0.38,0.43,0.43,0.43,0.42,0.44,0.42,0.47,0.41,0.42,0.4,0.38,0.5,0.47,0.44,0.48,0.43,0.45,0.53,0.51,0.53,0.49,0.53,0.46,0.54,0.61
45,0.84,0.8,0.85,0.81,0.77,0.68,0.78,0.79,0.68,0.64,0.64,0.73,0.78,0.77,0.66,0.7,0.76,0.73,0.64,0.64,0.64,0.69,0.62,0.63,0.68,0.6,0.68,0.65,0.65,0.61,0.74,0.72,0.58,0.71,0.77,0.61,0.66,0.67,0.64,0.7,0.75,0.67,0.58,0.58,0.56,0.57,0.54,0.59,0.6,0.49,0.51,0.48,0.55,0.51,0.44,0.52,0.44,0.49,0.43,0.43,0.41,0.47,0.53,0.37,0.39,0.37,0.38,0.41,0.41,0.35,0.39,0.4,0.41,0.4,0.49,0.43,0.46,0.45,0.42,0.4,0.46,0.37,0.43,0.48,0.44,0.53,0.41,0.5,0.48,0.55,0.47,0.45,0.47,0.46,0.5,0.48,0.55,0.43
44,0.9,0.84,0.86,0.81,0.77,0.82,0.85,0.74,0.82,0.73,0.69,0.62,0.72,0.71,0.67,0.76,0.71,0.78,0.7,0.66,0.58,0.64,0.58,0.67,0.76,0.5,0.71,0.66,0.71,0.63,0.71,0.59,0.65,0.69,0.63,0.73,0.59,0.68,0.77,0.65,0.59,0.6,0.56,0.62,0.52,0.5,0.57,0.5,0.52,0.49,0.55,0.44,0.59,0.47,0.46,0.41,0.42,0.43,0.41,0.42,0.44,0.31,0.43,0.39,0.43,0.44,0.46,0.4,0.49,0.47,0.42,0.41,0.43,0.43,0.45,0.42,0.33,0.42,0.46,0.43,0.39,0.42,0.44,0.52,0.41,0.49,0.47,0.55,0.49,0.51,0.43,0.66,0.57,0.37,0.41,0.48,0.51,0.56
43,1,0.88,0.87,0.77,0.86,0.79,0.76,0.75,0.69,0.67,0.7,0.63,0.78,0.7,0.77,0.63,0.77,0.69,0.59,0.57,0.56,0.62,0.63,0.67,0.74,0.56,0.67,0.76,0.74,0.63,0.65,0.75,0.72,0.7,0.68,0.74,0.83,0.68,0.65,0.84,0.62,0.56,0.54,0.5,0.62,0.57,0.5,0.53,0.43,0.49,0.48,0.47,0.47,0.42,0.51,0.42,0.42,0.42,0.44,0.54,0.46,0.43,0.43,0.42,0.46,0.41,0.48,0.47,0.44,0.37,0.41,0.42,0.34,0.38,0.42,0.41,0.45,0.46,0.51,0.39,0.36,0.4,0.38,0.5,0.49,0.47,0.56,0.5,0.42,0.47,0.5,0.47,0.46,0.45,0.52,0.42,0.55,0.43
42,0.92,0.8,0.88,0.83,0.82,0.78,0.7,0.8,0.7,0.7,0.64,0.71,0.81,0.72,0.72,0.73,0.71,0.69,0.74,0.62,0.72,0.61,0.6,0.73,0.8,0.55,0.72,0.62,0.62,0.66,0.66,0.73,0.78,0.75,0.75,0.64,0.84,0.66,0.66,0.59,0.62,0.66,0.64,0.61,0.57,0.56,0.51,0.41,0.51,0.51,0.39,0.44,0.5,0.45,0.6,0.47,0.44,0.55,0.48,0.44,0.47,0.45,0.47,0.42,0.4,0.46,0.44,0.35,0.45,0.43,0.39,0.39,0.41,0.49,0.46,0.49,0.42,0.41,0.32,0.43,0.46,0.56,0.46,0.49,0.45,0.42,0.57,0.56,0.47,0.49,0.43,0.43,0.41,0.53,0.46,0.47,0.53,0.49
41,0.92,0.98,0.85,0.89,0.93,0.8,0.81,0.78,0.76,0.68,0.79,0.76,0.78,0.81,0.78,0.72,0.73,0.78,0.73,0.69,0.56,0.67,0.58,0.71,0.69,0.56,0.75,0.74,0.74,0.71,0.77,0.68,0.64,0.7,0.67,0.72,0.68,1.05,0.53,0.72,0.55,0.62,0.55,0.75,0.52,0.61,0.58,0.49,0.45,0.48,0.47,0.51,0.47,0.51,0.5,0.49,0.51,0.47,0.5,0.48,0.45,0.39,0.37,0.38,0.45,0.32,0.46,0.38,0.51,0.45,0.35,0.46,0.31,0.43,0.39,0.46,0.48,0.44,0.41,0.42,0.46,0.51,0.48,0.38,0.44,0.38,0.47,0.54,0.56,0.48,0.46,0.45,0.48,0.41,0.47,0.47,0.52,0.53
40,1.02,0.88,0.86,0.89,0.92,0.77,0.82,0.79,0.79,0.76,0.8,0.77,0.67,0.8,0.77,0.69,0.73,0.77,0.7,0.72,0.68,0.74,0.6,0.81,0.78,0.61,0.75,0.7,0.72,0.66,0.73,0.73,0.75,0.86,0.84,0.6,0.7,0.75,0.62,0.52,0.52,0.56,0.66,0.5,0.61,0.53,0.51,0.45,0.47,0.54,0.49,0.43,0.4,0.5,0.49,0.44,0.58,0.42,0.29,0.38,0.48,0.43,0.45,0.44,0.35,0.32,0.48,0.33,0.4,0.45,0.37,0.51,0.36,0.41,0.46,0.4,0.44,0.34,0.31,0.38,0.5,0.5,0.38,0.41,0.56,0.53,0.48,0.6,0.47,0.36,0.43,0.57,0.41,0.67,0.4,0.59,0.47,0.44
39,1.06,0.99,0.85,1.02,0.93,0.83,0.92,0.86,0.86,0.87,0.77,0.85,0.68,0.78,0.82,0.65,0.7,0.68,0.6,0.74,0.73,0.68,0.59,0.82,0.78,0.61,0.84,0.62,0.85,0.84,0.77,0.78,0.82,0.81,0.97,0.73,0.88,0.55,0.58,0.57,0.58,0.55,0.67,0.57,0.57,0.52,0.48,0.62,0.45,0.5,0.42,0.41,0.43,0.36,0.6,0.45,0.42,0.58,0.47,0.56,0.43,0.34,0.43,0.42,0.4,0.54,0.39,0.37,0.43,0.43,0.38,0.42,0.49,0.45,0.44,0.41,0.39,0.43,0.37,0.44,0.49,0.52,0.4,0.49,0.31,0.47,0.54,0.39,0.39,0.54,0.34,0.48,0.38,0.47,0.52,0.53,0.53,0.43
38,1.07,1.06,0.97,0.93,0.88,0.8,0.88,0.82,0.92,0.86,0.8,0.81,0.85,0.81,0.74,0.75,0.89,0.69,0.66,0.77,0.73,0.81,0.75,0.82,0.82,0.53,0.73,0.79,0.72,0.79,0.83,0.86,0.93,0.69,0.94,0.6,0.75,0.56,0.68,0.76,0.61,0.61,0.55,0.52,0.34,0.43,0.44,0.47,0.49,0.49,0.47,0.48,0.38,0.45,0.39,0.35,0.36,0.37,0.52,0.37,0.33,0.38,0.48,0.42,0.41,0.48,0.45,0.34,0.41,0.39,0.36,0.35,0.46,0.44,0.3,0.48,0.43,0.36,0.38,0.45,0.41,0.48,0.54,0.29,0.49,0.43,0.47,0.45,0.56,0.33,0.42,0.46,0.4,0.43,0.54,0.45,0.57,0.48
37,1,1.05,0.96,0.88,0.93,0.88,0.86,0.89,0.89,0.81,0.93,0.81,0.9,0.85,0.7,0.71,0.78,0.95,0.68,0.88,0.72,0.81,0.73,0.99,0.9,0.54,0.9,0.73,0.73,0.78,0.83,0.85,0.65,0.75,0.53,0.81,0.53,0.61,0.65,0.43,0.57,0.55,0.72,0.5,0.62,0.52,0.67,0.56,0.5,0.39,0.56,0.53,0.54,0.49,0.43,0.36,0.46,0.54,0.42,0.37,0.37,0.37,0.43,0.49,0.44,0.35,0.43,0.5,0.37,0.48,0.36,0.38,0.41,0.52,0.48,0.52,0.39,0.41,0.43,0.3,0.27,0.41,0.46,0.54,0.46,0.39,0.39,0.43,0.44,0.4,0.46,0.48,0.44,0.54,0.5,0.5,0.48,0.45
36,1.02,1.1,1.02,1.04,0.93,0.88,0.8,0.95,0.96,0.82,0.86,0.74,0.96,0.74,0.74,0.71,0.82,0.85,0.91,0.77,0.76,0.68,0.77,0.9,1.07,0.55,0.8,0.83,0.69,0.81,0.82,0.81,0.78,0.58,0.56,0.98,0.85,0.75,0.6,0.56,0.51,0.83,0.7,0.58,0.46,0.56,0.51,0.63,0.53,0.39,0.5,0.39,0.49,0.31,0.45,0.43,0.33,0.49,0.45,0.43,0.5,0.39,0.42,0.4,0.38,0.29,0.5,0.36,0.36,0.39,0.4,0.46,0.37,0.42,0.39,0.37,0.45,0.67,0.48,0.47,0.51,0.33,0.41,0.41,0.36,0.44,0.48,0.4,0.32,0.47,0.45,0.42,0.46,0.47,0.45,0.45,0.71,0.44
35,1.02,1.09,0.97,1.03,1.03,0.91,0.97,0.96,0.84,0.86,0.85,0.85,0.79,0.77,0.83,0.82,0.81,0.88,0.82,0.82,0.76,0.89,0.79,0.81,0.94,0.57,0.7,0.84,0.83,0.81,0.72,0.52,0.71,0.7,0.74,0.68,0.59,0.66,0.71,0.55,0.6,0.48,0.56,0.45,0.44,0.71,0.53,0.51,0.55,0.52,0.46,0.42,0.38,0.55,0.38,0.47,0.33,0.48,0.42,0.46,0.47,0.34,0.47,0.42,0.43,0.42,0.38,0.5,0.35,0.41,0.38,0.47,0.29,0.46,0.45,0.3,0.35,0.58,0.52,0.47,0.44,0.52,0.42,0.46,0.5,0.44,0.44,0.4,0.42,0.56,0.35,0.46,0.46,0.33,0.35,0.36,0.37,0.56
34,1.07,0.97,1.09,0.93,0.96,1.14,0.84,0.93,0.91,0.85,0.88,0.92,0.81,0.71,0.9,0.86,1,0.86,0.78,0.83,0.85,0.85,0.82,0.9,0.94,0.58,0.92,0.67,0.9,0.78,0.73,0.82,0.51,0.61,0.59,0.63,0.62,0.64,0.56,0.65,0.47,0.5,0.69,0.46,0.57,0.45,0.51,0.38,0.5,0.44,0.28,0.43,0.42,0.52,0.52,0.42,0.47,0.39,0.33,0.51,0.45,0.46,0.44,0.42,0.43,0.34,0.48,0.49,0.42,0.51,0.56,0.48,0.38,0.33,0.41,0.37,0.43,0.57,0.36,0.33,0.43,0.28,0.53,0.53,0.39,0.47,0.51,0.22,0.48,0.4,0.52,0.5,0.43,0.33,0.28,0.44,0.52,0.44
33,1.1,0.96,1.01,1.18,1.1,0.96,0.92,0.96,1.02,0.94,0.87,0.83,0.9,0.87,0.82,0.9,0.99,0.91,0.99,0.86,0.78,0.78,0.95,0.77,0.96,0.54,0.76,0.6,0.82,0.89,0.67,0.59,0.66,0.64,0.72,0.61,0.66,0.63,0.54,0.65,0.48,0.64,0.55,0.53,0.52,0.33,0.4,0.47,0.35,0.39,0.4,0.37,0.34,0.46,0.59,0.58,0.47,0.38,0.41,0.4,0.43,0.49,0.35,0.44,0.47,0.31,0.54,0.37,0.4,0.44,0.43,0.41,0.32,0.45,0.53,0.4,0.35,0.45,0.28,0.31,0.46,0.54,0.33,0.43,0.41,0.29,0.36,0.29,0.36,0.51,0.32,0.41,0.35,0.43,0.54,0.33,0.57,0.48
32,1.03,1.11,1.01,1.16,1.05,1.03,1.06,0.99,0.9,0.85,0.79,0.88,0.99,0.93,0.91,0.96,0.98,0.92,0.87,0.83,0.78,0.94,0.76,0.87,0.94,0.5,0.84,0.93,0.87,0.72,0.78,0.79,0.76,0.73,0.57,0.58,0.6,0.48,0.56,0.5,0.54,0.48,0.7,0.49,0.39,0.42,0.37,0.49,0.36,0.3,0.43,0.46,0.38,0.38,0.42,0.54,0.39,0.36,0.3,0.47,0.37,0.49,0.43,0.34,0.45,0.45,0.62,0.45,0.37,0.44,0.38,0.45,0.42,0.47,0.29,0.39,0.38,0.42,0.26,0.33,0.34,0.36,0.41,0.32,0.36,0.36,0.35,0.4,0.56,0.36,0.37,0.47,0.45,0.44,0.44,0.42,0.46,0.48
31,1.03,1.05,1.18,1.13,1.17,0.98,1.03,0.95,0.89,0.9,0.83,0.98,0.96,0.96,0.9,0.92,0.95,1.03,0.8,0.9,1.04,0.88,0.9,1.11,0.86,0.51,0.6,1.03,0.7,0.8,0.67,0.61,0.73,0.76,0.73,0.7,0.62,0.64,0.65,0.53,0.57,0.52,0.45,0.55,0.69,0.44,0.43,0.46,0.36,0.42,0.45,0.36,0.42,0.45,0.41,0.45,0.37,0.4,0.4,0.47,0.29,0.36,0.35,0.44,0.32,0.34,0.46,0.42,0.34,0.3,0.45,0.25,0.35,0.35,0.39,0.42,0.41,0.41,0.36,0.31,0.3,0.34,0.44,0.33,0.32,0.48,0.37,0.37,0.32,0.43,0.33,0.32,0.39,0.26,0.32,0.23,0.5,0.28
30,1.05,1.04,1.14,1.12,0.94,0.95,1.15,1.04,0.95,0.95,0.83,1.03,0.84,0.96,0.92,1,0.97,0.89,0.95,0.94,1.06,0.77,0.69,1.03,1.02,0.41,0.82,0.74,0.76,0.74,0.73,0.67,0.74,0.74,0.52,0.65,0.57,0.58,0.7,0.43,0.5,0.4,0.43,0.46,0.59,0.42,0.34,0.3,0.39,0.37,0.43,0.38,0.4,0.41,0.39,0.46,0.38,0.42,0.35,0.45,0.48,0.23,0.39,0.27,0.32,0.34,0.38,0.34,0.4,0.42,0.34,0.43,0.42,0.3,0.28,0.37,0.38,0.41,0.39,0.39,0.26,0.47,0.36,0.26,0.26,0.29,0.54,0.4,0.46,0.38,0.45,0.36,0.35,0.38,0.41,0.32,0.36,0.4
29,1.06,1.21,0.94,1.12,1.05,1,1.01,1.03,0.94,0.92,0.88,0.95,0.95,0.95,0.86,0.95,0.97,0.9,0.88,1.11,1.08,0.89,0.88,1.02,1.03,0.51,0.7,0.9,0.68,0.62,0.63,0.71,0.62,0.53,0.52,0.57,0.67,0.43,0.55,0.57,0.51,0.51,0.48,0.55,0.29,0.39,0.45,0.41,0.46,0.41,0.4,0.32,0.3,0.33,0.48,0.36,0.45,0.46,0.37,0.62,0.28,0.28,0.33,0.42,0.58,0.37,0.37,0.36,0.52,0.37,0.37,0.21,0.34,0.43,0.33,0.31,0.29,0.4,0.3,0.28,0.31,0.36,0.4,0.28,0.29,0.3,0.34,0.39,0.32,0.22,0.29,0.27,0.42,0.4,0.46,0.3,0.59,0.27
28,0.97,1.12,1.1,0.97,1.06,1.02,1,1.05,0.95,0.98,0.94,0.98,0.88,0.95,0.95,0.95,0.97,1,0.86,0.88,0.98,1.24,0.92,0.95,0.94,0.5,0.78,0.67,0.71,0.81,0.61,0.54,0.51,0.59,0.56,0.52,0.62,0.55,0.45,0.56,0.39,0.47,0.4,0.37,0.4,0.22,0.53,0.28,0.37,0.27,0.37,0.37,0.41,0.43,0.33,0.46,0.55,0.32,0.38,0.42,0.5,0.39,0.43,0.39,0.49,0.43,0.34,0.31,0.39,0.44,0.5,0.33,0.4,0.29,0.34,0.41,0.24,0.29,0.3,0.32,0.41,0.32,0.39,0.27,0.36,0.35,0.42,0.23,0.35,0.38,0.39,0.36,0.16,0.51,0.42,0.49,0.24,0.31
27,1.06,1.02,1.19,0.95,1.03,0.99,1.01,1.01,0.92,1.09,0.88,0.93,1,1.02,1.02,0.97,0.94,0.79,1,0.96,1.06,0.82,0.87,0.86,0.94,0.64,0.73,0.7,0.65,0.63,0.64,0.68,0.7,0.59,0.6,0.59,0.52,0.45,0.48,0.54,0.49,0.4,0.34,0.48,0.41,0.58,0.37,0.26,0.31,0.41,0.32,0.31,0.38,0.34,0.39,0.41,0.37,0.44,0.36,0.31,0.35,0.44,0.38,0.41,0.31,0.36,0.3,0.54,0.42,0.26,0.28,0.35,0.35,0.47,0.26,0.3,0.22,0.28,0.28,0.4,0.31,0.32,0.24,0.39,0.35,0.38,0.35,0.13,0.3,0.26,0.28,0.3,0.33,0.31,0.29,0.45,0.47,0.11
26,1.08,1.06,0.97,1.13,1.05,0.96,0.9,1.01,0.95,1.1,1.04,0.99,0.94,0.94,0.92,1.06,1.14,1.08,0.73,1.11,0.95,1.1,0.92,1.15,0.88,0.6,0.71,0.77,0.78,0.69,0.63,0.68,0.57,0.52,0.55,0.76,0.37,0.56,0.53,0.4,0.39,0.31,0.32,0.38,0.31,0.38,0.43,0.31,0.44,0.38,0.4,0.29,0.33,0.32,0.5,0.42,0.29,0.36,0.36,0.4,0.4,0.41,0.42,0.37,0.41,0.31,0.4,0.3,0.18,0.42,0.27,0.32,0.47,0.45,0.32,0.34,0.49,0.34,0.21,0.34,0.24,0.48,0.26,0.34,0.22,0.42,0.16,0.21,0.27,0.37,0.17,0.29,0.45,0.48,0.43,0.21,0.48,0.21
25,1,0.94,0.95,0.96,0.96,0.92,0.99,1.03,1.01,0.85,0.92,1.01,0.95,1,1,1.04,1.01,0.9,0.83,0.99,0.95,1.04,0.76,0.78,0.89,0.54,0.73,0.84,0.77,0.72,0.74,0.56,0.57,0.61,0.54,0.44,0.6,0.44,0.51,0.36,0.5,0.38,0.35,0.53,0.36,0.28,0.33,0.3,0.33,0.4,0.35,0.49,0.29,0.49,0.38,0.26,0.36,0.47,0.49,0.38,0.36,0.4,0.32,0.33,0.55,0.33,0.45,0.32,0.43,0.3,0.2,0.47,0.48,0.33,0.35,0.27,0.27,0.28,0.27,0.24,0.39,0.36,0.38,0.25,0.21,0.24,0.31,0.33,0.41,0.37,0.34,0.35,0.35,0.3,0.32,0.2,0.38,0.35
24,0.97,0.95,0.86,0.98,0.96,0.85,0.85,0.91,0.87,0.95,0.81,0.93,0.98,0.93,0.87,0.85,1.05,0.91,0.81,0.91,1.09,0.91,1,0.81,0.81,0.5,0.73,0.77,0.73,0.55,0.62,0.54,0.68,0.42,0.44,0.46,0.44,0.49,0.35,0.21,0.41,0.36,0.34,0.23,0.44,0.32,0.35,0.29,0.26,0.33,0.25,0.33,0.38,0.28,0.39,0.28,0.32,0.43,0.28,0.48,0.25,0.42,0.3,0.25,0.48,0.26,0.38,0.26,0.25,0.33,0.25,0.51,0.36,0.49,0.4,0.35,0.4,0.25,0.26,0.24,0.45,0.34,0.28,0.3,0.24,0.3,0.35,0.17,0.3,0.32,0.26,0.31,0.38,0.23,0.41,0.31,0.22,0.31
23,0.98,0.89,0.79,0.99,0.92,0.97,0.86,0.91,0.9,0.9,0.88,0.91,0.87,0.99,0.96,0.98,0.95,0.87,0.77,0.88,0.97,0.95,0.91,1.1,0.92,0.46,0.71,0.61,0.65,0.68,0.75,0.47,0.62,0.51,0.46,0.4,0.52,0.59,0.48,0.32,0.32,0.28,0.4,0.26,0.33,0.39,0.39,0.39,0.28,0.3,0.29,0.33,0.43,0.26,0.32,0.4,0.32,0.43,0.55,0.33,0.16,0.38,0.38,0.39,0.35,0.35,0.47,0.26,0.33,0.38,0.32,0.3,0.28,0.22,0.35,0.36,0.42,0.28,0.42,0.34,0.23,0.26,0.4,0.31,0.21,0.28,0.36,0.23,0.32,0.36,0.42,0.51,0.33,0.32,0.51,0.53,0.48,0.32
22,0.9,0.8,0.94,0.79,0.87,0.91,0.93,0.93,0.9,0.83,0.89,0.86,0.9,0.98,0.8,0.92,0.93,0.92,0.65,0.99,0.9,1.01,0.81,1.03,0.87,0.53,0.7,0.64,0.7,0.59,0.73,0.55,0.5,0.5,0.5,0.4,0.36,0.42,0.32,0.34,0.35,0.25,0.32,0.28,0.26,0.26,0.29,0.35,0.27,0.31,0.32,0.33,0.2,0.34,0.23,0.35,0.29,0.42,0.34,0.23,0.35,0.41,0.25,0.34,0.35,0.36,0.24,0.33,0.34,0.26,0.25,0.27,0.28,0.43,0.36,0.23,0.42,0.32,0.34,0.37,0.35,0.25,0.34,0.26,0.29,0.21,0.25,0.17,0.27,0.36,0.22,0.51,0.34,0.41,0.26,0.23,0.25,0.36
21,0.81,0.8,0.85,0.85,0.86,0.83,0.96,0.89,0.96,0.8,0.86,0.83,0.91,0.85,0.96,0.81,0.87,0.71,0.8,0.95,1.11,0.94,0.92,0.82,0.77,0.54,0.73,0.71,0.86,0.61,0.59,0.69,0.49,0.52,0.36,0.47,0.41,0.43,0.39,0.3,0.33,0.32,0.28,0.22,0.27,0.22,0.23,0.39,0.26,0.26,0.38,0.33,0.28,0.37,0.25,0.27,0.37,0.3,0.35,0.28,0.36,0.62,0.42,0.29,0.18,0.32,0.28,0.3,0.42,0.37,0.31,0.45,0.29,0.28,0.4,0.32,0.34,0.3,0.39,0.26,0.26,0.39,0.27,0.29,0.27,0.17,0.24,0.3,0.41,0.43,0.24,0.21,0.34,0.37,0.17,0.46,0.23,0.26
20,0.77,0.69,0.77,0.87,0.76,0.84,0.82,0.82,0.89,0.86,0.73,0.81,0.9,0.84,1,0.91,0.79,0.95,0.79,0.92,0.82,0.92,1.03,0.9,0.78,0.47,0.73,0.63,0.81,0.77,0.52,0.59,0.57,0.38,0.44,0.48,0.34,0.46,0.31,0.3,0.33,0.35,0.3,0.32,0.22,0.4,0.3,0.33,0.33,0.33,0.28,0.4,0.27,0.36,0.34,0.35,0.26,0.4,0.46,0.59,0.31,0.31,0.52,0.29,0.42,0.31,0.39,0.42,0.41,0.27,0.37,0.33,0.46,0.34,0.23,0.41,0.39,0.26,0.29,0.34,0.39,0.23,0.26,0.4,0.3,0.4,0.34,0.2,0.24,0.68,0.43,0.21,0.39,0.27,0.29,0.28,0.36,0.43
19,0.74,0.81,0.84,0.75,0.93,0.94,0.93,0.72,0.99,0.85,0.86,0.93,0.88,0.78,0.89,0.77,0.65,0.69,0.83,0.74,0.81,0.82,0.88,0.82,0.71,0.46,0.69,0.68,0.62,0.81,0.47,0.62,0.51,0.72,0.41,0.49,0.36,0.26,0.31,0.28,0.36,0.28,0.29,0.37,0.36,0.39,0.4,0.44,0.31,0.26,0.41,0.27,0.42,0.41,0.27,0.41,0.43,0.43,0.31,0.38,0.35,0.27,0.6,0.58,0.45,0.3,0.27,0.34,0.39,0.45,0.69,0.33,0.33,0.28,0.34,0.3,0.35,0.24,0.43,0.28,0.28,0.44,0.53,0.47,0.36,0.3,0.28,0.36,0.22,0.51,0.8,0.3,0.33,0.16,0.33,0.49,0.31,0.45
18,0.76,0.87,0.9,0.9,0.87,0.89,0.92,0.88,0.81,0.81,0.85,0.91,0.87,0.78,0.93,0.78,0.75,0.78,0.8,0.74,0.84,1.01,0.74,0.76,0.91,0.44,0.87,0.76,0.76,0.72,0.62,0.53,0.51,0.55,0.34,0.28,0.38,0.41,0.4,0.28,0.34,0.34,0.34,0.28,0.37,0.43,0.33,0.5,0.36,0.3,0.34,0.3,0.32,0.28,0.39,0.45,0.34,0.36,0.22,0.29,0.19,0.34,0.45,0.29,0.44,0.39,0.23,0.52,0.42,0.17,0.43,0.39,0.32,0.34,0.39,0.32,0.27,0.31,0.35,0.38,0.37,0.31,0.32,0.28,0.37,0.57,0.31,0.33,0.28,0.15,0.16,0.32,0.34,0.51,0.16,0.31,0.38,0.32
17,0.88,0.81,0.9,0.82,0.93,0.85,1.09,0.93,0.95,0.8,1.06,0.97,0.95,1,0.9,0.71,0.96,0.93,0.85,0.93,1,0.72,0.82,0.86,0.69,0.55,0.77,0.73,0.82,0.63,0.73,0.56,0.66,0.41,0.33,0.57,0.39,0.42,0.5,0.39,0.38,0.35,0.26,0.4,0.39,0.29,0.4,0.41,0.34,0.43,0.58,0.38,0.44,0.24,0.43,0.43,0.4,0.41,0.6,0.58,0.38,0.26,0.42,0.52,0.42,0.55,0.46,0.39,0.64,0.44,0.45,0.37,0.45,0.38,0.38,0.53,0.33,0.37,0.55,0.48,0.59,0.45,0.49,0.52,0.4,0.49,0.45,0.51,0.44,0.51,0.39,0.58,0.62,0.5,0.38,0.28,0.73,0.53
16,0.98,0.99,1.08,0.92,0.98,0.95,0.99,0.87,1.04,1,0.96,0.99,0.91,0.79,0.68,1.01,0.97,0.71,0.79,0.88,0.73,0.85,0.88,1.02,0.77,0.48,0.75,0.68,0.84,0.41,0.63,0.49,0.67,0.68,0.42,0.43,0.47,0.41,0.52,0.58,0.64,0.57,0.65,0.65,0.41,0.59,0.64,0.42,0.65,0.43,0.48,0.49,0.35,0.56,0.54,0.4,0.41,0.55,0.61,0.54,0.62,0.57,0.39,0.49,0.54,0.49,0.4,0.33,0.29,0.42,0.62,0.85,0.43,0.38,0.4,0.65,0.37,0.56,0.56,0.47,0.35,0.51,0.35,0.43,0.56,0.43,0.27,0.45,0.69,0.6,0.59,0.97,0.72,0.41,0.42,1.35,0.93,0.8
15,1.05,0.98,1,1.08,1.12,1.11,1.05,0.99,0.93,1,0.87,1.02,0.9,1.25,0.87,0.85,0.98,0.79,0.9,0.95,0.68,1.04,1.27,0.82,1.03,0.59,0.66,0.62,0.81,0.58,0.75,0.62,0.83,0.44,0.74,0.55,0.57,0.5,0.48,0.48,0.39,0.47,0.39,0.64,0.72,0.9,0.49,0.45,0.69,0.53,0.53,0.58,0.71,0.66,0.78,0.31,0.51,0.3,0.79,0.51,0.56,0.58,0.76,0.67,0.44,0.31,0.64,0.62,0.69,0.57,0.61,0.54,0.27,0.67,0.42,0.61,0.33,1.04,0.29,0.25,1.54,0.7,1.05,0.44,0.57,0.92,0.44,0.96,0.78,0.68,0.88,1.51,0.65,0.63,0.53,3.72,0.76,1.06
14,1.14,1.21,1.24,1.2,1,1.01,1.26,1.08,0.94,1.07,0.81,1.16,1.01,0.89,1,1.08,0.79,0.87,0.89,0.93,1.01,1.12,1.09,1.09,0.71,0.59,0.7,0.81,0.69,0.55,0.64,0.4,1.01,0.49,0.79,0.41,0.76,0.59,0.59,0.62,1.12,0.44,0.58,0.42,0.66,0.55,0.51,0.69,0.58,0.45,0.47,0.51,0.46,0.42,0.67,0.29,0.59,0.4,0.53,0.44,0.58,0.54,0.38,0.43,0.54,0.56,0.52,0.65,0.32,0.48,0.67,0.44,0.57,0.44,0.61,0.78,0.9,0.39,0.42,0.7,0.82,0.89,0.8,0.49,0.81,0.89,0.33,0.6,0.73,0.39,0.4,1.66,0.4,2.64,0.39,1.42,1.21,1.48
13,0.99,1.24,1.23,0.8,1.07,1.41,1.06,1.23,0.95,1.2,1.17,0.89,0.97,0.95,1.03,1.07,0.94,0.84,1.04,0.94,0.93,0.84,0.94,0.96,1.2,0.62,0.98,1.04,0.76,1.14,0.67,0.82,0.59,0.77,0.84,0.88,0.44,0.46,0.71,0.7,0.44,0.67,0.75,0.63,0.49,0.78,0.66,0.47,0.34,0.36,1,0.36,0.86,1.12,0.67,0.52,0.57,0.62,0.47,0.35,0.91,0.5,0.78,0.64,1.04,0.54,0.55,0.4,0.36,0.36,0.71,0.32,0.37,0.63,0.53,1.04,1.16,1.23,0.65,0.48,0.81,0.67,0.61,0.64,0.88,1.14,0.38,0.29,0.63,0.53,1.05,1.32,1.05,0.21,0.53,0.42,1.23,0.26
12,1.07,0.99,1,1.04,0.9,1.02,1.03,0.95,1.24,0.95,0.91,0.92,0.95,0.92,1.25,0.87,0.94,0.9,0.97,0.96,0.69,0.93,1.08,0.8,0.85,0.5,0.55,1.48,0.69,0.68,1.18,1.06,0.54,0.65,0.34,0.91,0.77,0.62,0.77,0.41,0.64,0.41,0.59,0.35,0.57,0.52,0.49,0.72,0.55,0.38,0.5,0.5,0.47,0.81,0.5,0.51,0.49,0.51,1.05,0.53,1.05,0.87,0.79,0.38,0.78,0.31,0.55,0.39,0.54,1.21,0.57,0.7,0.8,0.42,0.94,0.68,0.51,0.38,1.26,0.49,0.52,0.7,0.57,0.65,0.35,0.35,0.12,0.7,0.42,0.66,0.88,1.23,0.53,0.13,0.35,0.79,1.06,0.59
11,1.05,1.01,1.11,0.95,1.05,0.95,0.95,1.06,0.96,0.98,1.09,1.06,1.13,1.15,0.85,0.84,1.02,0.97,0.94,0.93,0.76,0.93,1.01,0.84,1.06,0.4,0.63,0.75,0.68,0.91,0.43,0.54,1.44,0.52,0.67,0.59,0.6,0.53,0.56,0.53,0.32,0.57,0.72,0.63,0.87,0.83,0.65,0.48,0.75,0.54,0.8,0.51,0.53,0.35,0.25,0.69,0.36,1.05,0.7,0.55,0.74,0.65,0.73,0.92,0.89,0.28,0.57,0.4,0.65,0.72,0.44,0.81,0.63,1.14,0.45,1.05,0.63,1.26,1.5,0.3,1.04,0.93,1.23,1.06,0.59,2.73,0.7,0.84,0.35,0.59,0.88,1.42,0.59,0.18,0.63,7.42,0.6,0.63
10,0.97,0.94,0.9,0.95,0.97,0.9,1.2,0.88,0.86,1.06,0.92,1.08,1,0.82,0.87,0.96,1.05,0.92,1.04,0.9,1.29,1.01,0.97,0.98,1.19,0.51,0.7,0.56,0.48,0.6,0.79,0.64,0.46,0.5,0.68,0.54,0.49,0.62,0.41,0.53,0.46,0.66,0.65,0.59,0.43,0.81,0.92,0.58,0.52,0.43,0.46,0.61,0.67,0.26,0.29,0.51,0.59,0.41,0.68,0.42,1.05,0.63,0.71,0.54,0.58,0.45,0.74,0.75,0.55,0.52,0.99,0.57,0.7,1.2,0.79,0.75,0.17,0.32,1.14,0.97,0.95,0.66,0.53,0.35,1.28,1.06,0.6,0.84,0.7,0.7,0.66,0.43,0.26,0.63,0.79,0.53,1.06,1
9,0.93,0.88,0.98,0.85,0.83,0.93,1.09,1.05,0.9,1.02,0.97,1.02,1.03,1.03,1.06,0.99,0.76,0.91,1.11,0.93,0.78,0.81,1.02,1.18,1.01,0.65,0.7,0.67,0.63,0.62,0.81,0.49,0.7,0.57,0.62,0.33,0.44,0.49,0.56,0.75,0.69,0.48,0.62,0.71,0.56,0.44,0.47,0.47,0.59,0.61,0.47,0.72,0.66,0.41,0.53,0.54,0.39,0.54,0.54,0.97,0.52,0.42,0.66,0.63,0.73,0.63,0.31,0.51,0.68,0.92,0.74,0.45,0.62,0.23,0.72,0.98,0.59,1.14,0.37,0.94,0.56,0.3,0.92,1.05,0.79,0.4,0.4,0.53,0.09,0.42,0.64,1,2.64,0.53,0.92,1.06,1.58,1.31
8,1.04,0.92,1,0.87,0.84,0.92,0.98,0.89,1.03,1.14,0.99,0.82,1.19,1.04,0.99,0.99,0.91,0.86,0.73,0.89,1,0.84,0.79,1,1.01,0.52,1.13,0.44,0.78,0.83,0.63,0.73,0.8,0.33,0.53,0.53,0.61,0.44,0.41,0.61,0.61,0.35,0.61,0.67,0.76,0.96,0.57,0.52,0.25,0.61,0.58,0.61,0.61,0.45,0.47,0.48,0.37,0.43,0.54,0.42,0.58,0.37,0.68,0.76,0.56,1.14,0.8,0.86,0.41,0.42,0.71,0.5,0.91,1.05,0.47,0.67,0.68,0.7,0.84,1.34,0.48,0.66,0.74,0.49,0.3,0.6,0.53,0.35,2.12,1.07,0.35,0.63,1.27,0.66,0.7,1.2,1.05,0.42
7,0.9,0.97,0.81,0.93,1.01,0.96,0.93,0.98,1.01,0.96,0.98,1.05,0.9,1.13,0.92,0.94,0.97,0.88,0.93,0.84,0.96,0.9,0.88,0.88,0.81,0.61,1.01,1.17,0.68,0.57,0.68,0.7,0.83,0.66,1,0.58,0.49,0.63,0.8,0.49,0.63,0.67,0.32,0.66,0.54,0.46,0.46,0.51,0.43,1.05,0.53,0.91,0.53,0.46,0.75,0.57,0.57,0.86,1.04,0.48,0.59,0.79,1.25,0.55,0.46,0.93,0.67,0.55,1.06,0.66,0.35,0.7,1.18,0.68,0.82,1.81,0.75,0.77,0.23,0.98,1.36,1.05,0.38,0.59,0.65,1.27,0.7,0.53,8.53,2.12,1.76,1.06,2.64,0.63,0.74,1.57,0.9,0.52
6,0.96,1.08,1.03,1.24,0.98,0.91,0.92,1.05,0.9,0.94,1.05,0.92,0.88,1.02,1.06,0.88,0.89,0.93,0.95,0.93,1.15,0.98,0.89,0.99,1.01,0.7,0.69,0.73,0.77,0.74,0.86,0.67,0.47,0.57,0.85,0.74,0.68,0.48,0.59,0.69,0.74,0.85,0.62,0.63,0.76,1.05,0.54,1.21,0.44,0.58,0.79,0.63,0.8,0.66,0.72,0.73,0.54,0.9,0.74,0.73,0.7,0.6,0.71,0.32,0.48,0.83,0.61,0.68,0.59,0.91,0.57,0.98,0.87,0.68,1.11,0.43,0.62,0.89,1.06,0.57,0.75,0.62,0.63,0.63,1.58,0.66,0.35,2.48,0.35,1.06,1.59,1.59,1.69,0.53,1.57,0.7,0.52,0.92
5,1.07,0.86,0.96,0.96,0.88,0.83,1.08,1.06,0.96,0.93,0.9,0.96,1,1.04,0.86,1,1.1,1,0.89,0.96,0.8,0.97,1.13,0.9,0.82,0.84,0.96,0.9,0.8,0.71,1.01,0.71,0.72,0.81,0.76,0.64,0.81,0.69,0.79,0.58,0.77,0.62,0.68,0.81,0.67,1.05,0.83,0.82,0.56,0.53,0.73,0.99,0.9,0.48,0.53,0.62,0.94,0.79,0.72,0.54,0.71,0.48,0.54,1.38,0.66,0.79,0.64,0.52,0.59,0.48,0.68,0.98,0.51,0.68,0.71,0.99,0.7,0.92,0.82,0.94,0.38,1.21,0.61,0.35,1.05,1.86,0.46,0.75,0.35,0.79,2.38,1.41,1.58,1.57,0.87,0.42,0.63,0.26
4,0.98,0.9,1.22,0.93,0.97,0.86,0.96,0.89,0.84,1.1,1.03,0.9,0.99,1.01,1.08,0.88,0.9,0.76,0.9,0.88,0.85,0.77,1,0.99,1.17,0.69,0.77,0.83,0.97,0.67,0.72,0.84,0.96,0.67,0.99,0.63,0.92,0.8,0.67,0.8,0.72,0.47,0.75,0.88,0.91,0.66,0.5,0.77,0.7,0.63,0.81,0.56,0.92,0.82,0.74,0.69,0.81,0.83,0.8,0.52,0.75,0.66,0.63,0.65,0.86,0.68,0.63,0.63,0.75,0.64,0.49,0.75,0.77,0.73,0.76,0.75,0.58,0.73,0.39,0.38,1.32,0.57,0.53,0.7,0.29,1.42,0.59,0.91,0.53,1.06,0.85,0.19,0.47,1.25,0.6,2.11,1.31,1.31
3,0.82,1.06,1.05,0.94,0.95,0.88,1.04,0.99,0.92,1.04,0.92,1.06,0.89,0.96,0.84,0.92,0.95,1.08,0.84,1.01,0.93,0.79,0.92,1.22,0.87,0.88,0.82,0.79,0.86,0.75,0.66,0.81,0.99,0.77,0.66,0.91,0.89,0.72,0.75,1.02,0.76,0.48,0.78,0.9,0.52,0.46,0.65,0.59,1.08,0.76,0.61,0.61,0.76,1.05,0.72,0.73,0.54,0.75,0.65,0.7,1,0.59,0.89,0.81,0.54,0.96,0.63,0.7,1.23,0.58,0.93,0.74,0.91,0.84,1.02,0.51,0.49,1.86,0.56,0.94,0.98,2.11,0.47,1.06,0.47,1.94,0.26,0.38,0.41,0.85,0.63,0.76,1.05,0.47,1.41,0.63,0.82,0.42
2,0.85,0.92,0.97,0.85,0.88,1.09,0.97,0.94,0.96,0.82,0.95,0.91,0.93,0.84,0.91,0.83,0.93,0.76,0.84,0.88,0.92,1.03,0.91,1,0.88,0.87,0.9,0.83,0.77,0.88,0.84,0.93,1.05,1.03,0.87,0.9,0.84,0.89,0.83,0.92,0.57,0.83,0.68,0.59,0.88,0.83,0.65,0.61,0.72,0.67,0.75,1.01,0.47,0.66,0.85,0.95,0.85,0.93,0.85,0.64,0.67,1.13,0.67,1.06,1.01,0.95,0.71,0.84,0.49,0.49,1.26,0.72,0.8,0.93,0.75,0.76,2.49,0.66,1.9,0.73,0.77,1.45,1.06,0.85,1.06,0.85,1.85,0.66,1.77,0.46,0.7,0.4,0.29,1.41,1.2,0.92,0.94,1.84
1,0.88,0.9,0.97,0.94,0.9,0.96,0.94,0.97,0.89,0.83,0.96,0.87,0.82,0.97,0.9,0.87,0.91,0.85,0.8,0.98,0.87,0.91,0.88,0.95,0.92,0.87,0.91,0.79,1.02,0.94,0.94,0.91,0.91,0.92,0.81,0.92,0.86,1,0.94,0.99,0.72,0.8,0.81,0.72,0.87,0.76,0.65,0.69,0.59,1.02,0.82,0.69,0.88,0.73,0.86,0.61,0.76,1.08,0.87,1.02,0.87,0.87,0.58,1.08,0.77,0.73,0.73,0.73,1.1,0.95,0.81,0.66,1.19,0.64,0.74,1.2,0.91,0.73,0.68,0.69,0.79,0.51,0.67,0.83,1.55,0.85,0.97,0.99,1.05,1.33,0.85,0.84,0.4,0.5,1.14,0.89,1.05,0.4
0,0.81,0.81,0.79,0.81,0.8,0.81,0.8,0.82,0.79,0.81,0.8,0.8,0.81,0.82,0.8,0.78,0.8,0.8,0.78,0.79,0.78,0.81,0.82,0.81,0.77,0.78,0.78,0.79,0.81,0.78,0.79,0.8,0.76,0.84,0.77,0.74,0.8,0.77,0.74,0.76,0.74,0.71,0.76,0.77,0.74,0.74,0.73,0.78,0.74,0.76,0.76,0.7,0.76,0.68,0.77,0.76,0.73,0.69,0.71,0.74,0.72,0.72,0.66,0.68,0.73,0.78,0.74,0.75,0.83,0.69,0.72,0.78,0.78,0.74,0.78,0.72,0.94,0.86,0.8,0.92,0.75,0.74,0.83,0.81,0.78,0.68,0.68,0.68,0.72,0.88,0.86,0.75,0.81,0.71,0.76,0.65,0.78,0.7
