vÄ›k,1919,1920,1921,1922,1923,1924,1925,1926,1927,1928,1929,1930,1931,1932,1933,1934,1935,1936,1937,1938,1939,1940,1941,1942,1943,1944,1945,1946,1947,1948,1949,1950,1951,1952,1953,1954,1955,1956,1957,1958,1959,1960,1961,1962,1963,1964,1965,1966,1967,1968,1969,1970,1971,1972,1973,1974,1975,1976,1977,1978,1979,1980,1981,1982,1983,1984,1985,1986,1987,1988,1989,1990,1991,1992,1993,1994,1995,1996,1997,1998,1999,2000,2001,2002,2003,2004,2005,2006,2007,2008,2009,2010,2011,2012,2013,2014,2015,2016,2017
95,84,84,71,60,74,72,79,100,90,104,113,88,103,108,102,118,130,123,137,94,125,98,100,108,90,76,87,107,103,120,134,116,130,136,152,146,146,163,183,172,184,187,168,237,228,204,245,234,290,335,322,339,344,346,380,393,387,422,453,442,480,505,458,472,531,547,552,586,532,549,622,657,698,670,781,816,899,888,961,1036,1123,1118,1173,1338,1406,1427,1578,1604,1709,1835,1961,1917,1718,1691,1511,1421,1798,1905,2413
94,46,41,46,39,31,45,44,47,45,63,61,35,61,61,50,72,79,75,78,50,65,59,53,47,63,57,78,76,66,75,70,80,78,108,96,91,87,80,92,86,89,83,92,141,118,128,135,134,118,191,178,174,180,182,202,221,223,217,218,220,253,279,237,264,281,238,281,293,285,296,347,341,345,338,400,444,431,454,532,482,560,538,626,650,683,720,746,765,756,842,723,503,406,378,556,852,1022,1028,1173
93,57,62,50,48,64,59,65,62,79,76,94,83,86,95,101,104,113,103,103,87,83,85,74,63,95,90,100,109,94,92,104,97,132,137,150,134,115,152,164,126,169,152,152,196,176,173,187,194,225,214,271,266,267,258,296,307,308,318,327,324,338,381,358,368,378,404,400,422,426,423,497,504,490,531,541,576,646,631,675,647,724,730,793,857,941,893,989,977,993,863,664,481,517,628,1053,1140,1395,1348,1447
92,79,75,65,99,77,95,73,90,133,104,108,121,108,154,140,137,178,149,193,130,104,130,123,146,131,148,107,144,125,146,159,153,177,201,169,185,161,209,183,201,217,200,202,278,260,269,254,331,314,329,316,373,364,380,359,429,406,446,431,468,446,476,441,488,525,494,517,579,566,615,673,632,680,713,732,735,860,842,816,852,1033,1004,1033,1081,1225,1108,1219,1167,1072,672,674,603,727,1313,1379,1546,1692,1608,1700
91,125,108,134,124,90,117,139,130,171,150,149,149,196,181,171,192,219,213,213,146,160,184,158,185,186,167,200,157,161,206,249,227,210,231,257,264,226,237,300,259,313,269,327,354,291,302,373,369,409,431,424,516,460,451,494,531,572,626,567,549,604,656,606,668,681,697,733,756,761,745,878,822,909,877,1004,1049,1045,990,1068,1158,1210,1339,1264,1291,1386,1377,1477,1234,869,706,718,908,1429,1538,1780,1794,1870,1693,1949
90,191,211,191,174,141,168,206,176,201,216,236,228,240,240,287,236,278,295,286,171,181,258,242,233,230,260,223,230,253,296,288,270,311,279,356,336,288,332,370,355,392,342,421,507,398,441,503,461,498,541,552,597,574,605,653,649,694,728,734,723,737,823,807,788,864,918,909,939,984,961,1076,1141,1202,1146,1239,1248,1237,1300,1422,1378,1478,1517,1554,1559,1696,1638,1505,937,780,747,1005,1641,1803,2051,2053,1998,2194,2063,2139
89,282,251,210,234,181,223,229,271,289,276,355,252,339,311,337,325,410,386,349,237,329,371,292,319,301,320,273,342,336,335,352,386,382,409,426,457,404,443,459,458,508,460,498,570,567,585,581,591,690,734,715,736,758,746,845,851,820,877,911,922,895,1007,956,1065,1058,1150,1193,1215,1198,1210,1306,1307,1434,1324,1440,1476,1618,1533,1575,1683,1805,1743,1766,1920,2006,1576,1111,875,817,1015,1806,1936,2153,2312,2300,2145,2313,2177,2336
88,370,277,292,297,247,308,314,329,375,364,424,371,406,382,505,451,483,441,500,347,397,386,389,392,368,378,428,404,425,417,449,399,542,488,516,568,494,547,581,572,622,602,633,721,668,689,717,762,844,869,829,913,868,983,1000,1059,1009,1085,1046,1027,1138,1273,1196,1221,1446,1347,1518,1483,1379,1487,1575,1686,1679,1619,1611,1741,1858,1784,1890,1950,2041,1957,2023,1996,1872,1180,1037,941,1165,1901,2089,2386,2340,2445,2356,2279,2421,2292,2348
87,445,383,332,380,337,396,386,444,536,474,495,428,491,551,542,492,552,601,726,444,464,468,518,414,459,477,516,494,565,505,579,573,653,613,688,629,635,625,699,642,713,701,840,912,846,783,853,915,970,985,1049,1125,1093,1077,1231,1304,1222,1278,1274,1288,1331,1467,1366,1562,1665,1683,1664,1784,1734,1768,1853,1921,1859,1818,1980,2081,2063,1972,2154,2115,2174,2239,2133,1924,1394,1099,977,1273,2096,2190,2530,2464,2461,2413,2418,2328,2382,2333,2397
86,596,509,485,520,465,455,543,591,605,551,652,576,667,689,645,551,731,796,811,561,589,648,547,548,551,621,562,529,560,551,622,695,639,750,726,831,774,777,818,816,934,911,890,1029,983,987,1072,1046,1030,1155,1223,1301,1260,1203,1348,1409,1410,1347,1449,1524,1574,1714,1695,1781,1939,1915,1928,2104,1959,1936,2099,2091,2054,2090,2257,2262,2367,2291,2363,2373,2275,2299,2030,1299,1209,1137,1356,2187,2347,2545,2634,2660,2483,2530,2491,2301,2485,2359,2498
85,695,612,580,618,520,637,730,657,739,673,723,708,735,692,745,781,960,947,927,645,674,627,626,653,695,684,702,639,682,689,764,737,803,799,921,969,896,893,919,958,1029,1001,1089,1138,1086,1136,1191,1189,1248,1447,1390,1492,1384,1474,1482,1550,1527,1636,1654,1665,1762,2019,2094,1997,2128,2131,2276,2255,2331,2244,2350,2240,2239,2263,2325,2475,2528,2383,2463,2455,2439,2250,1448,1186,1187,1344,2266,2333,2562,2652,2646,2517,2424,2394,2418,2340,2476,2448,2359
84,824,684,631,699,598,744,709,767,834,770,938,758,824,810,954,961,1016,1022,1076,710,683,742,770,779,772,822,803,738,811,786,901,923,962,1005,1032,1083,887,1014,1098,1141,1121,1127,1102,1326,1301,1257,1229,1356,1414,1564,1536,1534,1600,1629,1718,1762,1730,1821,1894,1926,2097,2244,2191,2215,2418,2436,2468,2522,2477,2425,2396,2434,2447,2439,2485,2683,2717,2464,2560,2430,2242,1452,1214,1073,1388,2290,2513,2573,2548,2617,2555,2486,2402,2329,2424,2293,2458,2252,2151
83,922,795,739,816,758,814,880,856,985,930,994,804,898,979,1167,1102,1212,1095,1322,694,778,896,895,819,811,867,852,848,913,864,988,953,1008,1075,1204,1244,1131,1160,1378,1179,1234,1212,1255,1567,1367,1326,1473,1480,1535,1669,1675,1721,1756,1665,1833,1902,1829,1889,2103,2125,2232,2439,2361,2366,2659,2632,2609,2648,2552,2521,2620,2658,2665,2601,2723,2716,2630,2564,2502,2228,1498,1214,1101,1470,2421,2560,2796,2538,2627,2447,2498,2423,2374,2296,2394,2225,2336,2025,2057
82,1035,874,837,1013,856,852,973,1017,1098,1023,1127,931,1079,1203,1216,1157,1271,1334,1248,801,894,983,978,856,858,868,1040,996,933,957,1056,1110,1109,1257,1224,1301,1196,1298,1361,1315,1322,1333,1481,1553,1424,1548,1588,1513,1637,1861,1747,1871,1780,1869,1992,2055,2056,2157,2239,2340,2382,2699,2528,2666,2691,2663,2786,2818,2690,2567,2845,2767,2858,2678,2769,2741,2709,2577,2228,1428,1220,1157,1391,2463,2599,2690,2584,2529,2426,2314,2362,2197,2253,2300,2169,2011,2030,1785,1837
81,1118,1009,1030,1121,842,998,1000,1122,1183,1107,1177,1120,1359,1332,1329,1207,1488,1205,1287,930,990,998,1002,909,873,1030,1048,1030,1079,1060,1140,1264,1275,1214,1331,1446,1332,1364,1445,1355,1413,1508,1430,1604,1550,1636,1616,1736,1751,1825,1826,1922,1921,2014,2092,2089,2246,2280,2361,2467,2428,2696,2706,2764,2832,2877,2655,2784,2698,2848,2873,2827,2875,2657,2659,2736,2631,2310,1489,1171,1055,1344,2349,2483,2716,2580,2538,2337,2283,2197,2212,2112,2147,2117,1971,1757,1940,1646,1663
80,1449,1224,1164,1250,1059,1103,1195,1156,1262,1195,1407,1262,1480,1453,1451,1392,1442,1405,1568,1069,1121,1099,1007,980,986,1081,1111,1068,1127,1159,1237,1307,1385,1358,1476,1617,1342,1410,1495,1394,1616,1468,1476,1753,1652,1685,1739,1660,1755,1898,1868,2051,2076,1937,2200,2328,2290,2369,2581,2548,2557,2813,2796,2808,2911,2862,2847,2815,2920,2810,2937,2910,2687,2675,2592,2673,2345,1479,1187,1056,1420,2254,2370,2605,2611,2409,2398,2182,2084,2180,2036,1988,1974,1921,1845,1623,1693,1552,1512
79,1512,1391,1121,1244,1065,1238,1229,1267,1286,1285,1542,1342,1472,1482,1627,1279,1454,1580,1669,1021,1142,1081,1031,1107,1071,1115,1194,1141,1204,1176,1303,1397,1360,1434,1587,1587,1368,1351,1594,1587,1625,1405,1534,1769,1698,1703,1701,1798,1781,1990,1974,2018,2039,2049,2261,2402,2419,2479,2425,2619,2664,2891,2741,2828,2921,2860,2740,2991,2702,2831,2901,2795,2629,2551,2623,2266,1446,1222,1038,1312,2105,2244,2567,2392,2347,2183,2202,2054,1917,1912,1918,1860,1795,1731,1528,1508,1537,1358,1437
78,1601,1374,1296,1350,1220,1278,1230,1258,1462,1463,1579,1373,1500,1580,1397,1345,1613,1723,1675,1021,1073,1056,1128,1159,1127,1210,1174,1171,1278,1264,1381,1397,1457,1562,1496,1630,1484,1345,1691,1596,1581,1572,1649,1768,1652,1700,1741,1796,1823,1816,1962,2172,2062,2118,2265,2432,2492,2419,2536,2595,2637,2896,2802,2782,2848,2821,2918,2978,2813,2841,2724,2692,2583,2386,2171,1464,1242,1109,1305,2054,2259,2368,2343,2292,2290,2100,2057,1841,1846,1684,1862,1656,1499,1533,1408,1358,1271,1244,1345
77,1622,1488,1247,1583,1188,1281,1325,1435,1708,1495,1642,1457,1667,1488,1464,1475,1862,1783,1789,1071,1097,1263,1137,1088,1093,1154,1278,1264,1363,1221,1396,1446,1641,1488,1534,1566,1446,1565,1620,1465,1570,1592,1610,1871,1691,1698,1799,1766,1777,2013,2015,2111,2209,2244,2278,2448,2426,2453,2571,2501,2654,2721,2806,2711,2748,2777,2838,2818,2707,2646,2655,2569,2365,2082,1438,1143,1040,1264,2048,2121,2291,2165,2207,1990,2007,1894,1850,1754,1722,1642,1621,1460,1337,1236,1258,1154,1278,1278,1365
76,1729,1492,1446,1509,1317,1328,1423,1592,1728,1543,1728,1499,1496,1452,1625,1676,1792,1718,1715,1005,1112,1143,1160,1182,1104,1114,1359,1320,1344,1277,1488,1512,1521,1542,1446,1567,1553,1516,1561,1511,1621,1524,1569,1690,1670,1675,1797,1657,1719,1976,1975,2228,2186,2132,2269,2364,2334,2401,2386,2458,2565,2747,2460,2524,2681,2719,2773,2685,2527,2403,2531,2444,2032,1331,1105,973,1302,2017,2031,2196,2109,2003,1950,1836,1876,1750,1755,1599,1645,1425,1408,1281,1233,1189,1182,1149,1232,1284,1276
75,1802,1681,1492,1435,1309,1427,1636,1603,1689,1527,1722,1376,1425,1656,1713,1651,1802,1666,1626,1069,1108,1127,1146,1181,1148,1137,1311,1257,1334,1333,1555,1486,1535,1383,1497,1651,1493,1368,1557,1567,1576,1585,1615,1732,1585,1611,1702,1774,1767,1950,2053,2268,2279,2149,2243,2274,2314,2313,2416,2398,2396,2574,2464,2542,2646,2571,2628,2483,2489,2353,2380,2053,1266,1061,920,1101,1982,1990,2103,1952,1963,1961,1779,1752,1708,1594,1535,1484,1438,1321,1256,1181,1132,1068,1073,993,1123,1147,1238
74,1906,1606,1410,1486,1347,1582,1533,1515,1682,1589,1678,1397,1672,1730,1672,1625,1650,1576,1701,1084,1088,1280,1185,1158,1140,1223,1336,1201,1326,1380,1446,1459,1387,1376,1625,1575,1414,1435,1576,1469,1516,1435,1485,1652,1568,1555,1693,1725,1738,1870,2086,2096,2094,2006,2282,2333,2202,2308,2308,2308,2256,2299,2400,2352,2582,2375,2373,2415,2160,2172,1963,1292,1042,858,1097,1816,1925,2055,1940,1836,1720,1705,1590,1524,1535,1451,1427,1281,1188,1180,1126,995,981,1061,1036,1024,1086,1164,1259
73,1751,1555,1363,1646,1462,1565,1516,1563,1778,1511,1630,1541,1700,1682,1683,1561,1524,1685,1755,1034,1123,1164,1091,1188,1150,1206,1319,1200,1380,1327,1427,1325,1403,1400,1408,1409,1435,1457,1500,1497,1526,1370,1441,1587,1487,1557,1532,1618,1685,1769,2063,2042,2015,2009,2077,2181,2197,2049,2103,2121,2113,2504,2275,2345,2291,2246,2253,2270,2026,1751,1239,1027,859,1071,1734,1813,1884,1884,1818,1657,1595,1457,1500,1483,1400,1337,1282,1129,1016,1074,929,970,922,944,1073,1014,1052,1133,1280
72,1742,1494,1480,1698,1476,1590,1505,1646,1542,1566,1742,1568,1707,1641,1546,1407,1700,1642,1655,1028,1075,1167,1171,1134,1094,1139,1242,1270,1291,1278,1311,1326,1459,1399,1349,1445,1393,1337,1516,1411,1430,1423,1428,1508,1388,1525,1549,1607,1685,1742,1891,1950,1983,1920,2010,2058,1902,1914,1949,2044,2112,2251,2131,2131,2135,2038,1983,2001,1758,1098,936,854,1049,1640,1711,1850,1784,1656,1590,1472,1506,1361,1293,1293,1283,1179,1101,1050,907,856,867,852,882,925,961,905,1082,1125,1118
71,1548,1664,1537,1664,1342,1391,1526,1321,1485,1497,1733,1581,1665,1524,1465,1537,1625,1563,1676,975,1054,1143,1158,1124,1020,1099,1329,1140,1284,1128,1342,1401,1367,1176,1299,1417,1338,1263,1385,1273,1401,1292,1302,1395,1409,1418,1510,1529,1631,1783,1771,1912,1854,1814,1913,1964,1856,1814,1813,1938,1944,2157,1896,1994,1963,1801,1872,1672,975,858,809,1010,1549,1554,1745,1573,1595,1499,1522,1324,1303,1205,1196,1249,1159,1012,955,835,834,770,811,824,874,902,940,989,1120,1026,1083
70,1748,1711,1570,1643,1443,1538,1345,1322,1587,1589,1699,1463,1437,1390,1552,1534,1545,1638,1557,978,1094,1083,1044,1064,1055,1141,1225,1190,1161,1167,1316,1215,1239,1281,1352,1341,1188,1202,1279,1270,1359,1215,1167,1371,1240,1376,1440,1457,1558,1606,1720,1808,1712,1830,1802,1786,1806,1667,1839,1827,1758,1880,1819,1780,1858,1737,1508,1025,840,732,942,1592,1610,1563,1516,1486,1410,1313,1286,1231,1164,1121,1127,1044,940,891,856,759,841,700,767,878,901,900,900,975,1001,951,1131
69,1777,1648,1380,1453,1317,1277,1221,1440,1537,1527,1614,1334,1320,1406,1425,1349,1536,1470,1481,963,1058,983,1011,1013,1045,1087,1147,1056,1145,1233,1201,1137,1067,1160,1211,1296,1190,1148,1241,1234,1201,1178,1113,1251,1272,1323,1377,1391,1452,1493,1605,1630,1686,1541,1598,1652,1543,1676,1612,1754,1705,1742,1643,1551,1628,1472,927,820,694,842,1471,1504,1455,1462,1450,1331,1260,1167,1044,1150,1075,1010,986,880,871,850,750,701,698,688,826,819,855,835,972,842,952,1018,1020
68,1702,1434,1335,1516,1128,1205,1375,1523,1520,1491,1446,1236,1352,1465,1311,1359,1452,1481,1490,880,1006,997,982,1020,976,1017,1055,968,1075,1085,983,1117,1078,1081,1092,1251,1109,1093,1147,1109,1130,1061,1083,1225,1153,1248,1313,1295,1386,1438,1514,1624,1561,1473,1432,1453,1504,1444,1380,1575,1402,1617,1437,1478,1353,868,675,633,823,1323,1395,1515,1438,1280,1194,1181,1151,1009,1052,1005,962,940,839,787,770,717,726,672,674,690,722,793,794,880,830,904,1003,924,911
67,1643,1476,1359,1248,1142,1289,1340,1396,1375,1211,1320,1284,1334,1313,1409,1293,1403,1439,1377,839,912,988,968,909,897,946,1027,1032,1023,962,1077,1074,1050,1023,1089,1099,1056,1030,1069,1002,1083,1076,1121,1177,1192,1155,1214,1206,1274,1271,1447,1372,1413,1326,1363,1412,1380,1373,1372,1398,1376,1412,1283,1192,787,682,582,855,1262,1330,1325,1296,1234,1146,1103,1064,1025,983,942,896,837,801,707,719,667,631,658,615,681,688,682,750,780,768,855,848,879,811,783
66,1528,1491,1168,1209,1185,1373,1258,1296,1351,1200,1330,1255,1241,1317,1307,1204,1251,1312,1324,825,924,910,926,840,830,891,1034,866,930,948,972,950,993,1003,1005,974,965,897,1015,963,954,981,997,1115,1155,1132,1153,1182,1176,1240,1279,1246,1258,1187,1311,1283,1261,1266,1293,1310,1291,1246,1085,728,615,536,726,1211,1229,1229,1215,1272,1140,1052,979,928,948,911,897,763,754,704,700,592,611,587,604,636,624,652,680,741,725,747,902,790,777,752,759
65,1482,1213,1115,1258,1208,1190,1304,1089,1197,1277,1372,1138,1231,1157,1187,1201,1311,1230,1258,736,864,877,837,805,844,906,946,843,926,898,908,954,984,912,956,918,868,850,974,862,971,959,922,1014,1013,1075,1109,1023,1076,1105,1193,1229,1217,1168,1169,1198,1188,1150,1173,1041,1046,1009,659,584,524,638,1115,1123,1180,1106,1144,1033,1026,926,940,882,912,822,769,659,716,598,562,588,542,550,580,607,588,674,730,674,754,813,831,725,714,673,716
64,1248,1220,1252,1318,1123,1199,1110,1101,1208,1153,1239,1144,1112,1098,1152,1129,1088,1190,1179,800,808,808,798,778,812,836,836,783,860,823,855,889,895,880,848,842,783,830,884,854,856,805,857,1006,937,968,954,1046,978,1080,1073,1092,1074,1111,1120,1130,1027,1021,976,960,922,604,490,448,603,1026,1035,1091,1032,965,921,963,868,776,788,815,820,642,661,609,600,555,510,472,561,530,569,592,603,652,659,652,731,719,644,621,664,628,623
63,1200,1283,1189,1174,1076,1008,1024,1077,1111,1096,1209,1030,1043,1049,1025,1025,1171,1125,1246,707,755,736,801,801,726,728,846,785,820,768,855,826,814,795,816,751,734,724,800,829,814,834,808,874,883,910,889,900,908,919,1022,1053,986,1013,1004,927,930,946,892,820,578,487,443,589,951,981,1056,937,924,908,888,836,790,773,783,710,606,659,562,507,500,466,485,482,567,562,553,597,627,571,618,651,649,634,646,598,608,541,512
62,1306,1295,1182,1096,937,901,1051,1029,1007,1082,1082,955,1041,1039,1014,1044,1035,1137,1143,747,664,717,736,657,684,713,826,711,798,711,806,775,786,684,723,741,721,768,808,764,809,776,799,821,851,829,833,813,806,835,896,899,900,944,856,872,807,857,733,453,400,439,518,876,875,956,848,868,749,781,763,776,707,724,664,614,607,549,524,469,461,435,418,473,490,516,528,614,533,566,622,593,576,594,603,541,512,471,479
61,1243,1236,1037,974,839,923,946,932,978,975,951,920,1025,910,963,932,1032,1067,1027,638,659,714,663,651,625,671,727,714,755,705,767,702,691,696,692,702,684,705,790,736,752,720,735,803,779,808,762,708,775,803,867,920,872,817,838,874,747,709,431,426,382,472,777,790,880,845,790,800,694,744,686,632,651,616,604,545,513,483,419,404,429,424,457,471,501,517,577,534,575,579,620,569,546,524,527,470,458,434,469
60,1237,1071,910,865,881,922,936,950,944,932,963,925,922,933,897,938,948,1035,994,645,637,617,582,633,679,636,676,673,696,629,655,617,666,601,614,690,680,706,693,608,713,668,671,780,689,714,698,670,718,725,802,827,758,762,739,701,594,389,362,322,423,714,749,757,727,788,693,682,639,620,562,603,540,576,497,500,489,406,436,446,391,411,454,465,490,484,476,501,573,595,482,498,485,490,484,443,426,406,430
59,1080,969,791,897,820,832,902,810,889,818,871,884,822,937,932,824,900,841,920,614,572,533,589,612,595,558,693,634,615,606,589,621,585,641,624,638,625,637,632,621,682,698,665,670,612,630,644,674,643,709,748,671,691,673,637,596,354,304,303,386,618,727,708,654,658,666,629,598,565,572,567,553,576,501,459,397,426,369,393,366,385,422,419,412,515,452,530,529,581,508,481,492,461,437,445,356,367,346,380
58,1069,896,807,868,777,834,831,770,849,839,849,807,850,880,826,819,819,850,849,515,523,557,570,565,526,607,622,569,586,559,515,559,566,575,562,611,598,518,598,580,581,628,584,555,549,586,601,592,646,624,618,634,638,565,556,341,301,272,325,602,602,707,610,582,582,554,567,540,560,496,510,482,446,425,385,354,382,337,331,364,370,372,426,449,490,469,479,487,419,456,426,381,436,401,374,353,342,331,279
57,855,941,796,756,752,756,748,753,776,719,782,742,847,790,785,726,742,881,852,488,527,544,524,535,534,584,610,545,515,552,528,528,521,530,561,591,533,550,584,541,597,522,517,557,524,554,566,544,550,592,592,560,533,447,356,270,240,321,516,518,583,576,578,506,560,518,497,492,491,514,445,404,383,398,363,317,344,313,368,403,374,413,434,430,423,440,461,396,379,428,396,377,361,334,315,311,279,283,231
56,882,885,728,794,682,715,746,763,786,710,839,748,739,757,724,703,758,742,681,450,515,529,468,512,499,512,639,489,494,496,497,530,565,524,539,536,531,567,549,522,520,522,496,474,492,546,528,495,501,496,532,520,447,300,240,236,296,501,511,518,478,486,515,434,476,466,440,474,445,402,394,379,338,303,287,317,338,333,318,339,349,378,374,397,452,392,391,404,381,367,355,322,314,314,273,284,225,211,214
55,846,767,761,730,689,721,650,710,724,673,783,654,729,716,677,743,712,638,657,416,499,513,489,489,477,464,516,476,501,493,530,537,508,516,498,495,472,487,558,469,457,453,459,491,428,478,460,437,469,460,486,467,288,212,200,233,433,428,479,456,484,452,426,430,393,415,370,415,363,338,344,379,316,296,269,288,291,308,345,352,373,338,380,404,407,367,350,354,336,331,291,295,287,315,263,216,216,195,197
54,829,783,666,655,714,634,675,678,692,724,731,668,647,661,690,599,637,634,677,433,470,441,442,451,413,448,523,427,424,435,493,471,468,458,498,486,488,503,447,411,460,413,430,422,445,485,415,433,403,400,336,240,233,224,234,435,414,421,431,466,397,424,414,349,378,379,368,327,338,306,337,256,268,276,278,292,297,290,307,357,325,314,354,353,373,315,333,310,298,295,280,263,242,217,232,167,208,187,193
53,819,790,630,660,619,661,645,684,724,682,685,631,670,658,606,590,640,611,622,449,448,432,464,408,405,413,495,410,432,448,450,444,510,450,498,454,426,441,444,374,402,396,394,415,412,422,407,383,355,341,258,190,164,229,377,379,430,359,378,401,381,353,344,345,355,338,317,305,308,287,263,247,252,266,254,279,334,286,332,297,339,364,369,283,272,308,321,286,296,246,257,268,222,205,188,193,177,197,207
52,795,711,649,680,592,620,610,655,659,645,651,582,609,574,566,567,601,621,606,364,405,418,398,441,402,418,522,423,524,437,418,399,426,411,407,377,425,394,385,380,404,428,367,368,357,355,370,361,317,208,182,181,206,319,331,411,374,345,332,338,322,304,326,295,304,303,269,278,232,229,245,240,222,235,236,235,281,290,272,285,304,322,308,291,299,250,257,274,248,243,228,208,178,178,153,158,153,176,176
51,697,711,594,577,571,611,603,646,634,592,648,556,602,589,554,583,558,564,600,357,363,348,372,386,431,386,532,388,423,449,418,428,415,416,400,377,402,362,362,366,345,371,366,326,329,292,344,293,177,154,160,230,316,341,348,335,320,308,283,305,300,308,288,292,274,258,274,216,218,231,199,197,245,247,224,232,310,271,274,278,311,311,269,278,271,270,237,210,208,228,194,162,172,145,167,159,177,164,150
50,733,654,560,598,550,597,644,626,572,621,655,501,532,559,531,470,578,538,577,330,359,353,365,339,352,429,511,416,420,396,443,366,390,389,312,370,358,329,341,348,356,320,316,327,294,289,249,176,126,129,159,316,328,359,320,325,293,278,263,241,278,273,252,247,251,211,220,210,202,183,198,245,257,229,246,267,231,260,281,245,234,257,253,249,260,202,224,187,203,214,160,154,127,139,173,156,153,127,124
49,707,618,513,595,578,537,604,515,566,487,573,493,468,550,557,540,517,531,533,362,335,354,370,359,367,373,476,414,398,372,413,376,400,351,359,308,324,341,317,315,312,287,289,294,261,237,162,131,125,152,254,273,291,300,273,265,225,251,220,223,235,252,234,243,235,193,184,194,180,164,225,211,217,241,251,217,235,244,259,233,245,230,265,207,208,199,193,178,160,170,142,136,132,144,152,116,148,130,125
48,663,592,544,603,488,513,507,555,617,502,521,503,513,492,489,531,495,509,453,297,318,340,357,331,382,400,443,357,400,363,372,369,310,321,317,323,286,260,287,270,284,252,292,231,232,142,120,100,145,262,246,287,314,290,241,221,217,222,210,217,215,223,205,194,176,165,163,171,185,190,211,189,238,232,220,230,243,235,235,202,209,227,210,189,199,183,197,157,141,121,135,148,113,134,126,133,109,105,113
47,660,625,576,563,532,477,466,501,482,451,450,421,475,459,497,437,483,446,439,295,300,327,347,369,360,349,422,353,336,350,371,327,300,294,279,321,277,267,227,274,227,229,224,178,122,103,106,110,200,205,263,248,240,258,240,227,202,177,201,212,183,179,151,178,162,155,149,145,159,161,196,206,236,185,216,215,240,207,192,183,186,209,177,165,182,155,160,140,98,115,127,116,132,136,112,117,100,117,111
46,631,618,540,516,435,474,490,472,432,460,490,430,442,447,538,426,424,414,436,284,291,313,288,323,317,350,453,343,309,333,323,294,285,258,303,260,255,225,247,233,230,214,173,126,92,84,126,194,207,252,214,228,217,209,192,223,172,201,173,153,164,120,171,161,152,150,138,159,178,170,185,200,182,193,210,208,193,179,182,181,176,165,156,154,136,160,125,108,105,103,103,120,122,108,100,107,95,103,114
45,672,608,539,468,458,465,451,434,482,455,453,412,469,457,457,393,401,442,446,264,285,306,323,357,308,325,435,340,330,306,272,311,290,261,283,264,239,223,215,194,210,212,121,86,71,109,171,182,220,229,221,201,192,172,173,165,179,151,157,141,138,134,139,134,121,118,129,144,148,156,159,178,196,204,190,189,170,187,177,155,138,159,115,133,127,103,107,89,103,92,116,111,83,93,85,93,84,104,77
44,677,614,461,503,453,459,421,445,491,441,444,417,388,439,449,379,404,407,432,263,293,283,307,314,277,331,385,296,290,293,266,284,234,234,244,229,230,180,181,185,173,92,90,73,105,158,174,204,186,181,185,188,157,168,164,160,127,113,130,118,114,119,85,112,120,129,140,143,135,171,165,186,168,191,161,164,154,127,152,157,131,121,122,113,101,82,96,101,103,102,111,84,110,97,73,68,79,88,97
43,624,568,497,537,422,399,420,444,423,423,431,394,375,449,385,379,382,399,385,226,252,253,261,316,300,303,389,289,301,281,236,258,257,239,214,216,212,211,182,149,106,80,73,78,137,176,179,148,155,142,151,146,144,151,125,145,123,127,112,113,127,109,110,107,115,130,126,156,154,145,138,187,188,142,127,143,143,131,147,141,102,101,99,86,93,91,82,94,98,80,83,87,71,78,77,78,72,86,80
42,645,571,438,502,427,441,424,415,433,399,402,385,409,416,397,404,386,399,392,266,264,288,267,286,294,314,394,269,252,231,247,237,247,213,212,195,170,189,141,102,76,72,86,146,147,160,155,136,117,123,136,112,137,139,127,138,119,97,130,94,91,110,93,108,123,102,130,153,119,143,151,141,133,133,141,139,150,105,118,88,106,106,110,83,87,76,68,95,90,82,75,63,73,71,73,70,70,84,79
41,587,585,477,474,400,420,419,430,425,393,388,405,397,388,404,388,394,376,436,252,271,228,283,273,272,286,354,267,275,246,238,244,216,181,199,168,163,130,113,64,64,69,137,130,172,119,143,131,126,119,128,118,124,106,111,123,102,102,88,96,96,93,87,90,82,116,99,129,119,162,144,119,132,106,122,117,109,115,109,91,84,75,73,75,67,72,68,76,72,81,67,64,63,60,58,71,72,76,70
40,638,573,453,478,411,459,440,401,431,420,459,358,366,370,388,370,360,391,411,236,245,249,267,273,306,285,383,244,239,242,218,229,193,191,187,176,120,86,83,58,71,117,111,143,130,130,110,115,99,115,120,105,96,88,103,90,84,95,68,52,74,102,90,97,103,90,91,128,98,126,122,103,131,100,101,104,99,101,83,62,57,72,81,58,60,86,77,65,79,64,45,62,68,52,70,62,87,66,66
39,602,587,457,456,437,423,382,442,432,381,418,401,396,327,383,394,380,389,367,211,248,230,248,240,259,268,354,259,202,227,252,206,196,181,181,165,87,78,52,54,100,115,122,137,108,111,104,98,109,96,107,86,91,88,64,78,66,64,81,75,100,81,65,83,95,95,118,115,101,110,102,105,116,116,102,97,91,77,77,59,58,55,62,56,70,45,63,64,53,50,64,46,57,54,66,66,62,54,57
38,574,533,500,472,422,432,384,432,412,396,415,371,392,392,394,397,374,387,357,222,239,256,257,254,248,241,334,217,238,214,211,189,181,177,124,96,51,70,58,111,116,120,112,106,88,72,83,82,83,83,96,92,78,66,70,62,67,50,55,87,73,63,65,97,95,101,117,103,75,90,86,93,78,94,90,62,90,76,52,46,55,49,59,69,44,64,50,49,56,58,44,50,54,58,49,58,52,56,42
37,638,578,473,460,378,371,438,361,412,401,420,392,407,421,411,350,374,368,431,198,257,234,241,255,275,272,326,255,214,203,199,195,172,124,88,50,55,56,103,105,87,99,105,113,89,100,85,99,93,87,64,95,88,75,65,56,53,64,69,68,70,67,70,77,86,96,75,83,91,85,88,81,78,78,82,77,72,52,58,47,35,39,48,53,61,53,44,43,49,48,46,46,60,56,55,51,53,54,41
36,649,556,487,476,399,410,381,367,412,395,403,391,384,432,367,370,351,419,361,236,227,227,203,254,292,256,320,233,215,172,196,176,140,96,50,43,76,109,115,111,99,84,113,114,89,65,85,76,90,79,62,80,55,65,37,57,59,44,64,62,69,78,74,74,84,82,58,86,72,71,71,78,64,64,70,53,52,52,73,53,50,56,41,44,50,38,45,43,36,35,50,47,50,47,45,38,44,60,32
35,645,571,470,428,429,401,412,398,396,372,415,387,377,376,379,368,364,347,387,207,221,201,226,251,211,248,309,194,208,196,200,148,74,77,59,69,106,109,113,111,87,92,69,77,68,58,81,75,69,67,69,58,52,46,54,50,61,45,65,61,76,68,64,88,84,67,72,62,68,58,57,64,71,51,55,47,34,36,53,48,51,45,48,38,38,51,34,43,42,32,52,42,48,44,34,34,39,33,37
34,638,605,443,486,378,388,422,398,383,396,431,402,394,359,346,381,380,397,372,200,222,201,225,245,242,238,314,234,177,170,143,101,84,46,55,107,107,98,95,81,97,71,81,91,64,78,54,57,56,60,50,36,55,46,58,55,58,49,56,51,65,63,73,69,70,72,58,77,60,57,63,78,67,50,36,41,41,40,52,40,35,40,27,38,51,35,43,43,24,49,43,50,42,40,34,23,31,33,33
33,602,583,432,465,429,405,377,379,436,425,453,380,400,384,366,354,378,389,339,217,214,201,212,255,211,254,296,203,170,151,97,68,62,64,109,108,101,99,98,81,72,70,69,73,68,73,44,49,59,43,44,50,51,38,52,52,64,52,54,57,61,68,74,51,59,66,48,64,50,57,58,57,55,37,44,43,39,37,42,24,29,36,36,33,43,33,27,33,31,44,56,29,33,31,32,34,23,32,33
32,588,636,464,472,421,390,436,444,453,402,391,379,366,413,412,349,359,359,295,208,201,186,209,228,229,230,272,190,178,111,71,71,71,113,109,94,88,90,77,70,61,59,61,76,66,51,49,43,51,45,39,55,46,40,46,44,58,50,47,40,77,53,72,66,48,58,61,72,49,45,48,45,43,43,43,31,41,41,38,23,25,27,27,38,29,29,35,28,30,46,34,30,39,40,30,27,26,24,30
31,621,569,416,470,401,447,416,426,408,401,420,367,427,408,411,381,355,341,360,197,205,212,207,254,241,223,281,139,130,74,69,75,109,108,118,99,107,78,82,69,57,59,56,55,59,46,45,45,38,36,46,53,44,50,41,42,55,48,52,57,61,38,55,51,55,44,36,46,51,36,34,40,25,35,36,40,42,35,39,27,28,25,29,33,25,30,49,34,31,26,31,26,25,26,17,20,14,29,22
30,664,584,487,497,441,412,446,454,441,427,460,398,414,381,404,330,348,348,344,223,234,221,186,202,224,242,218,117,91,71,95,120,132,119,104,80,79,75,70,60,57,55,50,40,53,52,38,32,28,43,44,50,38,40,49,47,44,50,62,49,48,60,34,50,38,40,39,42,35,39,35,29,30,36,31,29,34,31,34,24,32,22,34,30,27,22,31,38,34,36,30,26,27,22,21,21,17,24,22
29,615,613,498,450,454,434,430,421,442,427,433,391,418,381,362,320,339,342,329,212,239,231,201,221,221,222,172,90,82,79,131,122,112,109,85,67,69,69,49,60,60,58,51,46,49,32,35,40,38,46,48,45,37,36,48,45,45,59,54,40,65,35,32,35,44,56,42,39,33,40,29,34,19,30,37,29,25,22,29,26,22,25,26,32,26,27,25,29,35,27,16,19,17,22,25,20,18,23,15
28,646,597,516,510,426,466,440,456,455,448,458,414,418,360,348,366,351,352,339,189,189,201,224,222,190,131,141,95,100,141,156,129,103,89,81,62,71,56,56,48,51,42,45,36,39,32,20,40,29,43,28,41,46,50,44,37,58,60,41,42,39,54,48,46,48,46,35,35,27,24,30,35,29,38,23,33,33,21,23,21,29,31,29,36,26,29,28,27,20,23,24,25,17,11,28,24,20,15,19
27,629,628,500,507,428,439,411,456,460,436,479,380,402,374,345,390,346,329,308,203,189,214,182,183,112,107,140,114,144,139,149,135,122,96,71,64,60,52,56,48,62,49,38,32,38,37,36,30,28,36,45,41,41,45,48,50,50,42,43,42,40,38,44,39,42,30,33,23,32,29,20,24,36,34,32,24,21,17,19,20,28,20,27,22,33,28,28,22,10,22,18,18,19,15,16,17,23,23,6
26,713,658,513,475,475,430,468,455,480,438,478,417,404,378,384,339,373,385,341,166,224,201,193,122,107,83,154,169,169,186,141,130,105,85,69,60,85,47,61,53,43,45,27,28,33,26,32,39,32,50,51,52,35,41,43,57,47,36,38,39,41,44,44,32,39,36,21,32,21,13,26,23,27,31,37,29,27,31,26,16,27,26,40,22,29,24,35,11,14,17,19,9,17,21,23,18,12,19,9
25,683,680,509,506,457,453,503,458,483,449,433,420,409,400,387,382,362,314,313,184,208,190,118,108,85,125,263,195,208,146,153,133,93,86,68,72,53,70,54,43,37,46,29,35,45,32,28,34,31,40,56,47,59,41,57,45,35,44,48,50,43,37,41,34,31,35,28,28,23,23,25,16,35,36,29,25,25,25,25,26,22,33,30,35,21,15,20,16,25,27,14,20,15,18,16,16,12,18,16
24,669,664,532,505,484,472,447,424,470,459,436,386,410,394,362,343,341,337,322,178,174,127,99,108,100,188,276,221,181,173,127,101,87,85,59,54,49,50,48,35,22,38,27,33,23,39,32,38,33,43,49,38,43,48,33,43,38,41,46,33,47,28,39,31,21,30,23,27,22,22,32,18,35,28,39,34,30,28,26,24,27,39,32,25,29,17,21,24,13,18,17,17,17,15,15,19,15,11,16
23,676,704,551,483,474,479,459,438,423,423,422,401,414,379,395,366,354,356,319,182,121,105,83,122,214,226,275,209,168,145,142,126,77,84,67,53,47,56,54,44,36,35,27,38,28,35,41,45,47,41,46,47,50,49,36,39,34,42,37,42,34,19,38,28,30,23,27,34,21,27,31,30,23,23,23,30,31,34,32,35,28,21,27,32,26,15,19,23,14,17,22,22,29,18,14,18,17,20,12
22,666,640,511,523,431,449,453,447,428,432,446,409,402,405,374,349,340,345,277,112,100,75,117,177,224,219,307,205,154,144,125,96,83,65,68,60,44,42,42,31,29,32,22,33,31,31,35,39,47,49,51,46,45,31,43,30,40,32,40,34,23,35,32,19,25,24,24,22,25,25,21,20,24,27,33,31,24,31,30,24,36,32,22,25,20,20,17,13,10,15,21,12,24,15,20,10,11,11,12
21,744,617,512,539,431,411,412,467,435,466,395,416,385,379,330,356,302,271,160,90,89,109,180,215,200,215,312,195,143,145,114,105,91,64,58,41,43,37,40,36,29,37,35,32,29,36,30,28,52,41,48,50,44,42,47,32,35,43,31,36,28,31,34,27,23,14,23,21,22,29,25,29,29,28,25,37,32,33,29,33,24,25,29,22,19,17,10,16,18,20,24,13,12,10,16,7,21,8,10
20,635,665,471,490,414,369,435,414,427,423,432,344,382,364,326,348,285,174,146,79,104,150,178,233,215,205,275,170,130,134,116,82,86,53,43,43,39,31,45,26,23,34,37,31,35,31,46,41,49,52,50,45,51,34,44,34,31,28,33,38,38,24,21,26,17,27,23,27,25,27,19,31,31,38,33,28,32,30,28,28,26,28,20,17,21,22,22,20,15,15,24,22,12,19,12,13,9,10,12
19,704,606,450,460,364,398,413,413,361,417,403,346,363,338,296,269,156,117,106,91,150,155,162,204,192,190,262,149,133,111,129,75,76,50,63,37,38,32,28,29,34,41,28,33,44,38,47,61,53,41,40,59,37,41,48,27,37,42,41,24,24,24,21,33,39,34,22,17,27,25,28,46,30,32,32,32,31,31,22,29,21,21,26,26,28,22,18,14,19,12,21,25,14,15,9,14,13,9,12
18,662,589,465,417,365,335,375,374,382,358,357,309,331,286,239,168,126,114,149,165,136,151,162,175,158,166,226,169,116,114,103,78,57,49,48,36,21,33,38,44,33,40,45,43,37,44,52,45,54,55,56,49,39,42,34,43,38,32,24,17,18,15,30,35,22,25,31,18,38,32,14,35,35,36,33,33,35,22,29,26,24,24,19,21,15,21,30,17,17,16,6,7,14,11,17,5,9,11,8
17,656,581,385,348,309,343,321,369,350,328,298,322,308,225,165,106,106,143,219,138,164,158,130,154,150,145,219,127,99,106,78,71,52,51,32,26,35,22,34,37,33,33,39,25,46,45,37,42,43,41,50,55,38,43,26,40,30,23,24,43,29,27,19,31,27,23,28,28,24,27,24,28,31,33,31,30,38,24,25,28,26,23,19,22,18,15,14,12,15,12,11,14,16,10,10,8,5,9,7
16,559,529,340,338,310,298,311,292,280,281,298,240,218,141,106,74,124,196,165,125,144,119,103,127,148,141,162,105,82,77,48,53,35,42,35,27,19,26,31,29,37,40,40,38,39,31,43,43,31,52,34,39,39,28,37,32,22,18,24,21,24,23,25,20,23,27,16,20,16,17,19,31,44,26,20,22,31,18,16,22,14,13,17,10,11,15,10,8,12,15,13,9,12,13,5,6,9,7,9
15,499,411,293,288,277,256,280,261,277,251,231,183,117,98,93,84,173,169,162,130,128,78,101,136,115,133,174,83,65,62,55,46,29,32,28,28,28,26,31,28,29,16,25,26,38,33,43,27,23,43,38,27,31,31,30,20,13,14,13,30,19,19,21,21,23,15,13,21,16,23,20,25,26,10,25,21,22,11,18,9,7,25,14,22,10,11,14,8,10,14,11,10,10,8,6,6,7,5,7
14,401,355,300,278,243,218,209,236,230,174,178,85,89,73,94,145,165,142,154,95,92,84,94,98,117,80,135,62,61,54,39,38,25,36,25,31,21,28,33,25,25,36,25,26,18,28,36,25,29,22,22,25,22,18,16,26,10,17,16,16,13,15,15,11,13,13,15,17,19,12,17,16,15,17,15,19,17,12,10,12,8,18,11,13,7,7,11,5,8,9,7,3,11,3,5,4,8,8,7
13,345,324,261,244,174,216,209,168,174,126,81,90,61,96,144,152,179,164,132,91,76,80,74,101,97,86,117,70,56,38,46,36,31,23,29,26,30,22,26,30,30,25,22,26,30,15,21,25,22,16,18,23,18,23,18,14,15,13,14,15,8,20,13,20,14,24,13,11,11,14,11,15,10,10,15,9,12,10,14,10,10,10,7,7,11,10,14,4,3,3,3,7,5,4,1,2,4,7,1
12,368,315,219,219,185,171,171,173,143,95,74,58,70,126,158,198,161,162,142,94,89,65,80,108,87,73,89,45,60,38,31,47,35,24,29,14,35,29,28,26,21,22,15,23,20,17,16,24,20,21,16,16,12,13,17,9,15,15,15,18,10,18,10,18,12,15,11,11,10,14,22,13,16,19,6,17,13,13,8,12,7,9,8,6,8,4,6,1,4,4,5,5,7,3,1,1,3,4,5
11,318,288,219,199,173,174,148,140,100,67,66,94,149,208,184,171,172,185,138,84,84,73,84,94,76,85,68,37,37,38,38,24,27,39,29,25,29,24,28,27,18,13,20,22,26,24,27,24,17,18,16,26,13,15,11,7,19,12,20,16,12,19,15,14,21,16,8,17,12,13,18,11,13,9,12,9,15,6,6,10,4,8,8,7,9,5,13,4,4,3,5,5,4,5,1,3,7,4,3
10,334,299,221,165,180,164,128,99,73,80,106,160,187,217,180,180,188,183,154,95,81,94,87,106,93,85,79,51,31,33,40,43,27,22,23,29,23,22,36,22,21,18,22,26,19,19,27,22,21,17,16,13,18,16,8,10,12,18,9,20,12,19,15,15,18,11,16,15,20,11,11,15,12,14,16,12,10,3,6,12,14,10,10,4,3,11,7,4,8,6,4,5,2,3,3,3,3,2,0
9,397,293,204,216,162,140,100,77,78,103,186,209,209,224,247,224,207,168,159,87,105,78,83,125,120,79,86,52,35,39,39,39,27,35,26,20,17,21,30,26,27,17,24,27,23,22,19,18,17,17,19,12,20,10,11,15,17,9,14,14,26,17,14,17,21,16,18,11,16,17,14,12,10,10,6,13,14,9,13,5,9,9,2,7,9,6,3,5,3,1,2,3,0,5,2,7,4,3,5
8,402,324,228,218,135,92,82,71,87,219,277,268,196,285,253,236,223,192,163,95,103,92,116,124,113,75,78,76,30,56,54,35,45,30,14,27,30,35,32,18,26,26,17,28,25,24,33,23,13,11,18,15,21,22,15,17,14,11,12,14,15,16,15,20,24,16,24,23,18,12,10,15,9,13,13,9,14,13,8,12,19,5,5,7,6,2,4,3,2,2,6,2,3,6,5,2,8,4,2
7,446,356,262,180,128,106,82,114,233,280,299,273,283,265,280,279,248,216,228,126,115,93,104,130,130,78,103,72,76,59,36,47,49,48,37,49,37,26,36,34,25,24,33,24,25,22,21,19,14,21,26,20,31,22,17,25,18,21,22,23,15,29,30,30,25,17,25,23,15,20,17,9,12,18,11,14,19,10,11,4,13,9,10,4,5,8,6,6,2,8,4,5,4,5,3,7,6,6,4
6,550,397,264,155,116,92,111,202,266,285,344,336,281,279,295,316,237,248,238,125,145,115,127,147,161,91,117,80,65,70,57,65,44,40,45,42,46,35,29,31,34,31,39,32,27,32,30,17,31,18,22,31,19,25,22,22,23,16,30,26,25,35,27,24,14,18,26,19,20,14,19,12,15,15,11,17,9,10,11,12,7,10,7,6,3,6,5,3,7,2,9,6,3,8,3,3,4,3,7
5,632,442,189,141,104,127,207,278,327,324,329,312,298,323,317,305,289,293,249,122,145,114,124,168,167,91,147,109,82,74,75,64,50,59,60,44,38,49,50,41,28,32,36,35,34,29,27,26,25,21,24,23,33,30,18,21,27,28,25,26,31,32,21,26,37,26,21,14,11,13,11,15,15,12,11,13,17,10,13,7,8,5,8,7,2,4,7,3,5,2,3,9,8,6,9,5,2,3,2
4,729,401,196,171,171,289,273,343,362,359,367,367,299,335,330,368,283,286,199,157,158,106,135,196,200,122,145,117,100,107,80,92,97,83,62,69,49,54,55,33,43,42,27,37,37,37,35,24,28,30,34,37,26,29,35,29,27,24,37,38,26,33,26,27,23,26,18,21,21,25,17,12,20,14,14,16,10,11,11,3,4,10,7,4,6,3,4,5,6,3,5,8,2,4,6,4,10,5,5
3,706,372,269,288,405,392,377,426,473,374,406,412,378,370,394,345,337,305,289,155,175,151,161,232,294,158,207,177,135,138,123,106,120,109,97,71,94,73,57,57,63,50,35,38,43,29,27,39,35,49,42,32,34,29,35,33,32,26,40,34,33,43,22,39,32,17,24,18,18,20,20,22,17,20,16,27,11,13,23,8,8,13,8,4,11,4,11,3,4,5,4,6,8,6,4,8,3,7,2
2,940,535,506,769,576,613,644,634,669,576,531,529,453,477,432,421,376,400,309,202,227,200,232,285,332,226,325,290,207,170,216,193,192,174,172,127,106,88,100,76,75,48,55,51,45,53,53,51,52,41,46,41,49,32,38,38,46,50,56,48,32,38,57,29,28,33,28,29,20,16,14,24,20,23,22,22,18,26,20,18,9,8,11,13,8,6,8,14,10,10,7,10,5,3,8,8,7,8,14
1,1805,1523,2008,2201,1728,1652,1614,1696,1830,1314,1221,1245,1008,1016,998,803,732,779,642,385,538,413,522,512,555,518,677,546,362,485,493,404,414,309,290,206,175,163,173,155,164,90,96,103,86,100,92,76,86,58,93,73,74,71,67,68,54,69,67,61,78,67,64,33,59,44,41,43,39,44,40,37,33,43,31,37,40,25,18,18,17,15,13,19,15,22,12,12,14,14,19,13,12,8,9,13,11,15,8
0,12243,18192,18891,16953,14391,13784,13084,13023,12987,11541,11403,11058,9797,9420,8642,8016,7314,7085,6805,4471,4465,4765,5258,5520,6408,6327,7758,7760,6911,6147,5288,5198,4572,3386,2673,2143,1903,1800,1656,1429,1138,1059,1019,1186,1235,1220,1443,1264,1263,1222,1304,1258,1253,1346,1379,1583,1565,1470,1354,1230,1124,1049,902,827,785,791,724,678,654,646,510,577,572,509,425,361,301,257,238,203,192,155,148,169,158,156,136,138,142,138,156,141,124,124,107,110,104,135,121
